Product_name,MRP
Super Sarvottam Physically Refined Rice Bran Oil 1 L,₹102.00
Good Life Refined Sunflower Oil 1 L,₹98.00
Chakki Atta 10 kg,₹345.00
Saffola Active Pro Weight Watchers Rice Bran Based Blended Oil 1 L,₹109.00
Tata Iodised Salt 1 kg,₹24.00
Nuts Vakil 1 kg Dried Figs | Anjeer Dry Fruits,₹1189.00
Good Life Pure Crystal Sugar (M) 5 kg,₹223.00
Good Life Almonds 500 g,₹359.00
Chakki Atta 5 kg,₹189.00
Good Life (W320) Cashews 500 g,₹369.00
Gemini Refined Sunflower Oil 1 L,₹113.00
Nuts Vakil 1 kg | Salted Pistachios Dry Fruits,₹1169.00
Amul Pure Ghee 1 L (Pouch),₹579.00
Madhur Pure & Hygienic Sugar 5 kg,₹245.00
Good Life Sugar (M) 1 kg,₹47.00
Good Life Jeera 100 g,₹89.00
Aashirvaad Superior MP Whole Wheat Atta 10 kg,₹468.00
Nuts Vakil 1 kg Green Raisins | Green Kishmish Dry Fruits,₹339.00
Suji / Rawa 1 kg,₹45.00
Dhara Kachi Ghani Mustard Oil 1 L (Pouch),₹149.00
Fortune Sunlite Refined Sunflower Oil 5 L,₹599.00
Freshtige 100% Natural and Premium Healthy Mix Dry Fruits 1kg(500gms*2)|Fresh and Healthy Dry Fruits,₹599.00
Good Life Raw Peanuts 500 g,₹89.00
Keya Italian Pizza Oregano 80 Gm x 2,₹182.00
Good Life Tur Dal 1 kg,₹209.00
Safola Gold Multisource Blended Refined Edible Oil 5 L (Can) + 1 L Free (Pouch),₹879.00
Good Life Yellow Kishmish 500 g,₹129.00
Nandini Pure Cow Ghee 1 L (Pouch),₹599.00
Fortune Chakki Fresh Whole Wheat Atta 10 kg,₹379.00
KEYA Oregano -10 g and Red Chilli Flakes -40 g Combo,₹164.00
Daawat Rozana Super Basmati Rice 1 kg,₹70.00
Tata Sampann White Poha 500 g,₹32.00
Aashirvaad Multigrain Atta 5 kg,₹285.00
Aashirvaad Select Sharbati Whole Wheat Atta 5 kg,₹299.00
Gowardhan Cow Ghee 1 L (Pack of 2) Pouch With Lock & Seal Container,"₹1,275.00"
Keya Piri Piri | Exotic Spices Mix 80 Gm x 2,₹182.00
Besan 500 g,₹40.00
Gulab Gold Filtered Groundnut Oil 5 L,"₹1,069.00"
Besan 1 kg,₹79.00
Good Life Kachi Ghani Mustard Oil 1 L (Bottle),₹127.00
Good Life Thick Poha / Aval 1 kg,₹65.00
KEYA Combo of Italian Pizza Oregano (80G) & Red Chilli Flakes (40G),₹165.00
Maida 1 kg,₹45.00
Coreganic 1kg 100% Natural International Premium Whole Cashews,₹709.00
Good Life Free Flow Iodised Salt 1 kg,₹15.00
Good Life Kabuli Chana 500 g,₹106.00
Moong Dal 2 kg,₹246.00
Nuts Vakil 1 kg California Almonds | Badam Dry Fruits,₹839.00
Regular Value Pack Plain Cashews 500 g,₹369.00
Sunrich Refined Sunflower Oil 899 g,₹102.00
Dhara Kachi Ghani Mustard Oil 1 L (Bottle),₹151.00
Nutri Binge 1kg Vitals California Almonds,₹626.00
Saffola Gold Rice Bran Based Blended Oil 3 L,₹399.00
Keya 1kg Himalayan Pink Salt,₹180.00
Gowardhan Pure Cow Ghee 1 L (Jar),₹676.00
Fortune Chakki Fresh Atta 5 kg,₹205.00
"Farmley Handpicked Gold Makhana ( Fox Nuts) , 500g (Pack of 2, Each 250g)",₹340.00
Good Life Raw Peanuts 1 kg,₹177.00
Emami Healthy & Tasty Ultra Lite Refined Soyabean Oil 1 L,₹105.00
Good Life Moong Dal 500 g,₹73.00
Amul Pure Ghee 1 L (Tin),₹615.00
Patanjali Kachi Ghani Mustard Oil 1 L (Bottle),₹140.00
Amul Pure Ghee 500 ml (Pouch),₹305.00
Good Life Whole Moong 500 g,₹72.00
Good Life Jeera 500 g,₹359.00
Daawat Rozana Super Basmati Rice 5 kg,₹349.00
Good Life Chana Dal 500 g,₹51.00
Gulab Gold Filtered Groundnut Oil 1 L,₹209.00
Maggi Masala Ae Magic 6 g (Pack of 12),₹55.00
Good Life MP Wheat Chakki Atta 1 kg,₹43.00
Nestle EveryDay Ghee 1 L (Carton),₹579.00
Good Life MP Wheat Chakki Atta 5 kg,₹199.00
Amul Cow Ghee 1 L (Pouch),₹595.00
Amul Cow Ghee 1 L (Tin),₹618.00
Daawat Devaaya Everyday Rice 5 kg,₹299.00
India Gate Mogra Basmati Rice 10 kg,₹655.00
Good Life Moong Dal 1 kg,₹145.00
Daawat Super Basmati Rice 1 kg,₹129.00
"RED ROSE MINI MONGRA BASMATI RICE, 30 KG","₹1,299.00"
Gowardhan Pure Cow Ghee 500 ml (Jar),₹349.00
Nutri Binge 500g Premium California Almonds,₹325.00
Maida 500 g,₹22.00
Prabhat Cow Ghee 1 L (Pouch),₹550.00
Good Life Turmeric Powder 100 g,₹24.00
Good Life Big Mustard 100 g,₹15.00
Marwadi Farm Anjeer Figs 1kg,₹499.00
Mother Dairy Cow Ghee 1 L (Pouch),₹586.00
Good Life Masoor Dal 500 g,₹51.00
Patanjali Cow Ghee 500 ml (Carton),₹339.00
Dhara Filtered Groundnut Oil 1 L (Pouch),₹209.00
Good Life Small Brown Chana 500 g,₹53.00
Good Life Urad Dal 500 g,₹76.00
Saffola Active RiceBran Based Blended Oil 5 L,₹565.00
Good Life Toor Dal 500 g,₹105.00
Saffola Gold Pro Healthy Lifestyle RiceBran Based Blended Oil 1 L,₹149.00
Good Life Almonds 1 kg,₹715.00
Good Life Thick Poha / Aval 500 g,₹33.00
DAIRY SAGAR GOPAL Desi Cow Ghee |Made Traditionally from Curd |Pure Cow Ghee for Better Digestion and Immunity | 1Ltr Tetra Pack,₹410.00
Good Life Coriander Powder 100 g,₹17.00
Fortune Superfine Besan 500 g,₹53.00
Brill 1Kg Premium Whole Cashews (500g x 2pack),₹699.00
Good Life Chilli Powder 100 g,₹33.00
Aashirvaad Superior MP Whole Wheat Atta 1 kg,₹55.00
Madhur Pure & Hygienic Sugar 1 kg,₹52.00
Good Life Green Kishmish 500 g,₹129.00
Good Life Kabuli Chana 1 kg,₹211.00
Good Life Urad Dal 1 kg,₹151.00
Nutri Binge 500g California Almonds Vitals,₹323.00
Tata Sampann Unpolished Moong Dal 500 g,₹78.00
Molsi's 1Kg Kimia Dates (500gX2),₹351.00
Good Life Roasted Chana Dal / Split Bengal Gram 500 g,₹55.00
AweLiv Pure Olive Oil - 1 Ltr (Imported from Spain),₹348.00
Fortune Biryani Special Basmati Rice 1 kg,₹149.00
Nesa Broken Raw Cashew -1Kg,₹629.00
Tata Lite Sodium Curtailed Iodised Salt 1 kg,₹45.00
Suhana Simla Premium 1 Liter Danedar Cow Ghee | Pure Cow Ghee | 1Liter,₹444.00
Good Life Masoor Dal 1 kg,₹99.00
Broken Wheat / Daliya 500 g,₹25.00
RUNUTZ 1kg Cashew Nuts (250g X 4),₹708.00
Good Life Whole Moong 1 kg,₹143.00
"YUM YUM Dry Fruits Combo Pack 1Kg (Almonds 250g, Cashew 250g, Pista 250g, Kishmish 250g)",₹865.00
Good Life Almonds 200 g,₹175.00
Rice Villa Rozana Basmati Rice 26 Kg,"₹1,399.00"
Good Life Soya Wadi / Chunks 200 g,₹27.00
Wonderland Foods California Almonds 1Kg Badam Badam Giri Whole Natural Badam High in Fiber,₹661.00
Parth Jaggery 950 g,₹62.00
RUNUTZ 500g Cashew Nuts (250g X 2),₹379.00
Good Life Surti Kolam Rice 10 kg,₹635.00
India Gate Mini Mogra Basmati Rice 10 kg,₹575.00
Good Life Brown Chana 1 kg,₹105.00
Tata Sampann Unpolished Toor / Arhar Dal 500 g,₹107.00
Tata Sampann Unpolished Chana Dal 500 g,₹58.00
Good Life Compounded Hing Powder 50 g,₹59.00
Nutri Binge 500g Whole Cashews,₹325.00
"Horaira Nutz Natural & Fresh Figs , Anjeer 1kg ( 500g x 2 )",₹649.00
Tata Sampann Unpolished Chilka Moong 500 g,₹74.00
India Gate Rozana Basmati Rice 5 kg,₹469.00
Broken Wheat / Daliya 1 kg,₹49.00
Daawat Devaaya Basmati Rice 5 kg,₹489.00
Gemini Refined Sunflower Oil 5 L,₹615.00
Nutri Binge 500g Pistachios Roasted & Salted California,₹496.00
Sundrop SuperLite Advanced Refined Sunflower Oil 3 L,₹509.00
"GreenFinity: Premium Chia Seeds 300g - Raw Chia Seeds For Eating With Omega 3 & Fibre for Weight Loss management, [Jar Pack of 1].",₹174.00
Good Life Green Cardamom 50 g,₹117.00
Gemini Filtered Groundnut Oil 1 L,₹199.00
Fortune Everyday Full Grain Basmati Rice 5 kg,₹559.00
ALEMA MOGRA BASMATI RICE 30KG,"₹1,299.00"
Organic Tattva Cumin Seeds 100 g,₹88.00
Nutraj California Roasted & Salted Pistachios 200 g,₹239.00
India Gate Super Basmati Rice 5 kg,₹729.00
Fortune Suji / Semolina 500 g,₹26.00
Open Secret Kimia Dates 800g Premium Khajur,₹257.00
"Horaira Nutz Premium Dry fruits Combo Pack 500g Almond , Cashews ( Pack of 2 _ Each 250g )",₹519.00
Gulab Sungold Refined Sunflower Oil 5 L,₹559.00
Fortune Everyday Full Grain Basmati Rice 1 kg,₹114.00
Tata Sampann Unpolished Moong Dal 1 kg,₹156.00
Dry fruits combo pack of Almonds Pistachios Cashews Raisins Walnuts | Kaju Pista Badam Akhrot Kishmish ( 150GM x 5 ) 750 GM,₹718.00
"VEEDINT CUMIN SEEDS, JEERA WHOLE, CUMIN SEED WHOLE, 1 KG PACK",₹749.00
"Horaira Nutz Dry Fruits Combo Pack 1Kg Cashews 250g , Figs 250g , Raisins 250g , Almond 250g",₹689.00
GKD's Premium 2 L Pure Coconut Oil Jar,₹399.00
Good Life Chitra Rajma 500 g,₹97.00
Good Life Mixed Dry Fruits 500 g,₹289.00
Gowardhan Pure Cow Ghee 500 ml (Pouch),₹345.00
Gemini Refined Soyabean Oil 1 L,₹109.00
Everest Kashmirilal Chilli Powder 100 g,₹115.00
Tata Sampann Unpolished Green Whole Moong 500 g,₹74.00
Puro Healthy Salt 1 kg,₹97.00
Pillsbury Chakki Fresh Atta / Flour 5 kg,₹235.00
Amul Cow Ghee 500 ml (Pouch),₹308.00
Daawat Super Basmati Rice 5 kg,₹649.00
Brill California Almond Daily (500g x 2pkts) 1000g,₹765.00
Yogabar 500g Cashews| 100% Natural Premium Whole Cashews | Whole Crunchy Cashew | Premium Kaju nuts | Nutritious & Delicious | Gluten Free & Plant based Protein,₹349.00
"Grocery On The Go MIX DRY FRUITS Almonds, Apricots, Cashews, Pistachios, Walnuts, Raisins 250GM",₹288.00
Nutraj Jumbo California Walnuts in Shell 1 kg,₹560.00
Tata Sampann Unpolished Kala Chana 500 g,₹55.00
Dhara Filtered Groundnut Oil 5 L,"₹1,059.00"
India Gate Regular Choice Basmati Rice 5 kg,₹435.00
Jubilee Regular Long Grain Rice 1 kg,₹63.00
FRESHTIGE 100% Natural and Premium Healthy Mix Dry Fruits 1KG Nuts | Fresh and Healthy Dry Fruits,₹664.00
Good Life Phool Makhana 250 g,₹229.00
Good Life Dry White Peas 500 g,₹61.00
Good Life Jeera 1 kg,₹715.00
Daawat Devaaya Biryani Basmati Rice 1 kg,₹109.00
Go Crackers 2kg Broken Walnuts Kernels Amber without Shell (250g x 8),₹868.00
Kashmir Exotics Kashmiri Walnut Kernels Light Brown Halves Vacuum Packed 400 G,₹425.00
Daawat Devaaya Basmati Rice 1 kg,₹99.00
Good Life Almonds 100 g,₹89.00
Good Life Surti Kolam Rice 1 kg,₹67.00
Utkal's KASPER 30 Kg SONA MASURI RAW RICE,"₹1,549.00"
Everest Tikhalal Chilli Powder 100 g,₹55.00
Tata Sampann Unpolished Tur / Arhar Dal 1 kg,₹213.00
"Farmley 1kg Popular Almonds Californian, 100% Natural, 2 Times Crunchier Badaam",₹659.00
Dalda Vanaspati 1 L,₹132.00
Nutraj California Walnuts InShell 1 kg (500gm x 2),₹560.00
Daawat Premium Lachkari Wada Kolam Rice 10 kg,₹649.00
Good Life Whole Masoor 500 g,₹52.00
Pyramid Traders 1 KG Kashmiri Walnut Kernels Brown (Akrot Giri) Without Shell,₹695.00
Happilo 500 g Premium Whole Cashews,₹460.00
Good Life Idli Rice 1 kg,₹53.00
Navjeevan 500g Green Cardamom | Green Elaichi,₹899.00
India Gate Dubar Basmati Rice 1 kg,₹132.00
Angur Oily Toor Dal 5Kg,₹999.00
Naturoz Daily California Almonds 1 Kg,₹699.00
Tata Sampann Unpolished Kabuli Chana 500 g,₹120.00
"ENVELOPE DRYFRUITS - THE WORLD OF FRESHNESS MIX DRYFRUITS TRIAL MIX 1 KG , PACK OF 2 X 500 GRAMS PREMIUM QUALITY",₹525.00
Fortune Rozana Basmati Rice 1 kg,₹89.00
Anjeer 100% Natural Anjeer (Dry Figs) 500g,₹425.00
Ching's Secret Schezwan Fried Rice Masala 20 g,₹9.00
Aashirvaad Superior MP Whole Wheat Atta 2 kg,₹109.00
"English Nuts Mixed Dry Fruit, Nuts, Seeds, Berries - 1kg Trial Mix| 10+ Varieties | Lowest Price I",₹506.00
Fortune Soya Wadi / Chunks 1 kg,₹139.00
Good Life Big Fennel 100 g,₹96.00
Leonardo Pomace Olive Oil 5 L,"₹2,999.00"
Nature's Choice Mixed Dry Fruits 400 g,₹199.00
Nutraj California Walnut Kernels 250g,₹276.00
Good Life Whole (W320) Cashews 100 g,₹99.00
Good Life Black Raisin 500 g,₹189.00
Good Life Dal Mix 500 g,₹72.00
Good Life Green Cardamom 100 g,₹225.00
Daawat Sehat Mogra 70 Basmati Rice 10 kg,₹599.00
Lotus Spices Green Elaichi 10 g,₹32.00
Good Life Unpolished Moong Dal 500 g,₹77.00
921 CLASSIC BASMATI MOGRA | MUNGRA RICE - 10KG,₹539.00
Eassy Dairy 1 Liter Desi Ghee | Pure Ghee for Better Digestion | Immunity Booster| Tetra Pack,₹449.00
Tata Pink Salt 1 kg,₹59.00
"RED ROSE ROYAL BASMATI RICE 5KG I XXXL BIRYANI RICE I BEST BASMATI RICE FOR BIRYANI, 5 KG",₹549.00
Good Life Rice Flour / Atta 500 g,₹21.00
Good Life Red Rajma 500 g,₹101.00
Happilo 1kg Almonds|100% Natural California Almonds,₹859.00
Saffola Tasty Pro Fitness Concious Corn Based Blended Oil 1 L,₹129.00
Coreganic 1kg 100% Natural International Premium California Almonds,₹749.00
Fortune Rozana Basmati Rice 5 kg,₹429.00
Oreal 6L Premium Canola Oil | Healthy Cooking Oil | Rich Natural Anti Oxidants | Preservative Free |5+1 Litres,"₹1,099.00"
Good Life Unpolished Moong Dal 1 kg,₹151.00
Good Life Jeerasar Rice 1 kg,₹57.00
Nutraj Gold Walnut Kernels 250 grams| Walnut without Shell Kernels| Akhrot Giri Dry Fruit,₹299.00
Catch Ginger Garlic Paste 200 g,₹33.00
Premium Quality Double Refined White Sugar/ Sulphurless Chini / Crystal White Sugar 500 gm,₹199.00
Vandevi Bandhani No 1 Hing Powder 50 g,₹40.00
Good Life Chilka Moong Dal 500 g,₹69.00
Good Life Soya Wadi / Chunks 500 g,₹67.00
Wheatkart Whole Wheat Atta - 10 KG,₹580.00
Sweekar Refined Sunflower Oil 1 L,₹109.00
Coreganic Premium Afghani Jumbo Anjeer 1 kg,₹697.00
nuttz bites premium dried figs 500g anjeer,₹334.00
Pillsbury Chakki Fresh Atta / Flour 10 kg,₹445.00
Farmley Cashew Natural Raw W400 Cashew 500g,₹369.00
"Shrego Jumbo Raw Peanut, Desi Singdana, Red Peanuts, 350G (1x350G Vacuum Packed)",₹159.00
ERAVAT Parmal 30kg Rice | Silky Parmal I TAKA TAK RICE,"₹1,410.00"
Dr. Brand Rock Salt 1 kg,₹75.00
Mirchillion 1Kg Guntur Red Chilli Powder,₹290.00
Good Life California Roasted & Salted Pista 200 g,₹235.00
Notlih 500g Green Cardamom | Hari Elaichi | Whole Elaichi | Premium Quality,"₹1,135.00"
Nutraj California Almonds 500 g,₹374.00
Good Life Chilka Urad Dal 500 g,₹69.00
Good Life Fenugreek 200 g,₹40.00
Dynamix Cow Ghee 1 L (Pouch),₹634.00
Everest Tikhalal Chilli Powder 500 g,₹280.00
Poorvigam Wooden Cold Pressed Groundnut Oil| Peanut Oil| 5 LTR,"₹1,149.00"
anjeer dried figs premium quality 1 kg,₹579.00
The Nature Krafts Afghani Anjeer Figs - 250gms | Afghanistan Anjir (Dried Figs),₹229.00
Good Life Roasted Chana Dal / Split Bengal Gram 200 g,₹25.00
Organic Tattva Tur / Arhar Dal 1 kg,₹269.00
Good Life California Roasted & Salted Pista 500 g,₹569.00
Naturoz 1kg Daily Whole Cashews,₹724.00
Good Life Chilka Moong Dal 1 kg,₹135.00
Bemisal Premium Shahi Pakwan Rice 1 kg,₹62.00
Happilo 1kg Cashews | 100% Natural Premium Whole Cashews (Value Pack),₹879.00
Good Life Yellow Kishmish 200 g,₹65.00
The Oil Factory 1L Extra Light Olive Oil,₹348.00
Satvikk 1000 gm Premium Almonds Californian (500 gmX2),₹679.00
Kitchen Jungle Premium Dry Figs| Anjeer - 1kg FIGS | Dry Anjir (Dried Figs),₹597.00
Best Farms Shah Jeera 50 g,₹52.00
The Nature Krafts Anjeer - 1KG | Anjeer Afghanistan Anjir | Dried Figs,₹599.00
Daawat Pulav Basmati Rice 500 g,₹59.00
Varalakshmi Sabudana / Sago 500 g,₹55.00
Smith & Jones Ginger Garlic Paste 200 g,₹42.00
Good Life Washed Gota Urad 500 g,₹74.00
Tata Sampann Unpolished Masoor Dal 1 kg,₹127.00
"GreenFinity 100% Iranian Pistachios Roasted & Salted, 500g + 500g [Jar Pack].","₹1,032.00"
Madhav's 1 Kg Plain Cashew Nuts (500 gmX2) - W 400,₹699.00
Good Life Fenugreek 100 g,₹20.00
TEMPERADO 100% Natural Premium 1000gms Whole Cashews | Whole Crunchy Cashew | Premium Kaju nuts | Nutritious & Delicious | Gluten Free | Source of Minerals & Vitamins | Dry Fruits,₹679.00
Farmley Handpicked Gold Makhana ( Fox Nuts) 250g,₹161.00
GKD's Premium Pure Coconut Oil Jar (1 L),₹230.00
Good Life Coriander 500 g,₹95.00
Sunday Refined Sunflower Oil 5 L,₹575.00
Oleev Active Blended Edible Vegetable Oil 1 L,₹229.00
Good Life Green Kishmish 200 g,₹65.00
Good Life Popcorn Maize 500 g,₹69.00
Good Life Wada Kolam Rice 1 kg,₹69.00
"GUNJAL SILKY PARMAL RICE, 30 KG","₹1,299.00"
Good Life Whole Urad 500 g,₹72.00
Chitale Ghee 1 L (Carton),₹658.00
SHAAN-E-SHAUKAT 1121 MONGRA 30 KG EXTRA LONG GRAIN BASMATI RICE - BEST MONGRA,"₹1,699.00"
Good Life Multigrain Whole Wheat Atta 5 kg,₹239.00
Dhara Health Refined Sunflower Oil 5 L,₹579.00
"Eatyumm Indian Poppy Seeds / Khus Khus / Posto Dana,400 Gram",₹449.00
Dev Bhog Mogra Rice 30 Kg,"₹1,359.00"
Wondernut Premium California Almond and Cashew Nut Combo 500g (Pack of 2 )Each 250 g,₹479.00
Good Life Green Peas 500 g,₹65.00
Lali Balaji Gold Makhana 200 g (Pack Of 5),₹736.00
RRO Primio Gold Filtered Groundnut Oil 1 L,₹189.00
Molsi's Sayer Dates 1Kg,₹249.00
Farmley Premium Natural Chia Seeds 200g,₹111.00
Borges Extra Light Olive Oil 2 L,"₹1,999.00"
Good Life Guntur Stemless Chilli 100 g,₹59.00
Paaritosh Mridang Premium Cold Pressed Sesame Oil (Til Ka Tel)| Sesame Oil Can (2 L),₹549.00
Wonderland Foods 400g California R&S Pistachios (200g X 2) Pouch,₹453.00
Vandevi Bandhani No 1 Hing Powder 100 g,₹80.00
Everest Garam Masala 100 g,₹91.00
Aashirvaad Select Sharbati Whole Wheat Atta 1 kg,₹59.00
Catch Red Chilli Powder 100 g,₹44.00
Navjeevan Jeera 500g (Cumin),₹379.00
Varalakshmi Premium Sabudana / Sago 1 kg,₹108.00
Catch Jeera Powder 100 g,₹90.00
Daawat Pulav Basmati Rice 1 kg,₹129.00
Good Life Dosa Rice 1 kg,₹57.00
Rice Villa | Divine | 26 kg | Parboiled Rice | Silky Chap,"₹1,399.00"
Dhara Filtered Groundnut Oil 15 L,"₹3,099.00"
Pick N Cook Thick Poha / Aval 500 g,₹30.00
Everest Kitchen King Masala 100 g,₹81.00
Notlih 1Kg Premium Raisins | Indian Green Kishmish | (Pack Of 2 - 500g Each),₹284.00
Nutrela Mini Soya Wadi / Chunks 200 g,₹54.00
"Futurelife Oats Atta | Whole Grains Oats | With Targeted Minerals of Zinc, Chromium, and Magnesium | Gluten-free | High Fiber and Protein | 100% Healthy & Natural | 1kg Pouch",₹189.00
Dalda Vanaspati 500 ml,₹68.00
Satvikk 1000 Gm Premium Cashew Nut Bold 1 Kg,₹689.00
Mr. Nuttz 100% Natural Premium California Almonds Badam 500 g,₹425.00
"The Oil Factory Extra Virgin Olive Oil, First Cold Pressed,(Imported from Spain) Olive Oil - (5.25 L)","₹1,910.00"
Tata Sampann Chitra Rajma 500 g,₹96.00
King's Physically Refined Rice Bran Oil 900 g,₹103.00
"GreenFinity Mix Dry Fruits and Nuts, 500g [Almonds, Pistachios, Walnuts, Cashew, Pumpkin, Cranberry, Black Raisin] Healthy Gift Hamper for Every Occasion Fresh and Healthy Dry Fruits, Seeds & Nuts.",₹399.00
"Farmley 8 in 1 Tasty Berry Mix Antioxidants Rich, Mix Dried Berries 400g(Pack of 2, Each 200 g)",₹339.00
Kinsfolk 1 L Extra Virgin Olive Oil - (Imported Oil from Spain),₹467.00
LG Compounded Hing Powder 50 g,₹82.00
"Pure Pik Dry Red Chilli Whole, Hand Picked, Red Chilli Whole, Dry Red Chilli Whole, Dried Red Chilli, 100 G",₹185.00
Dhara Lite N Fine Refined Soyabean Oil 1 L,₹109.00
"Hathmic Cold Pressed Sunflower Oil, 5L",₹799.00
"3P Kashmiri 1kg Walnut Kernels Walnuts Without Shell Brown Quarter, Bakery Akhrot Giri (250gm X 4)",₹680.00
"GreenFinity Raw & Unroasted Pumpkin Seeds - 250g + 250g | Immunity Booster and Fiber Rich Superfood | Rich Source of Omega 3 | Highly Nutritious Snack | Rich in Protein, Dietary Fibre, Zinc & Magnesium - 500g",₹350.00
Good Life Superfine Thin Poha / Aval 500 g,₹33.00
Zoff 500gTamarind & 200g Cumin Seeds| Combo Pack of 700g,₹225.00
Rajbhog Plain Makhana 250 g,₹249.00
Figaro Olive Oil 200 ml,₹349.00
Sagar Pure Ghee 500 ml (Pouch),₹313.00
"Foodcan Walnut InShell-1 Kg Dry Fruits American Akhrot with shell, 1Kg",₹479.00
Catch Super Garam Masala 200 g,₹65.00
Good Life White Till 500 g,₹149.00
Double Horse Vadi Matta Rice 5 kg,₹399.00
Veganic Unrefined Desi Khand/Khhand | Khandsari Sugar | Sulphur-free Khand | Mishri Powder | Semi Crystal Sugar | Full Of Minerals & Nutrients (1.8kg),₹299.00
Catch Kashmiri Mirch Powder 100 g,₹83.00
Daawat Brown Basmati Rice 1 kg,₹145.00
India Gate Classic Basmati Rice 1 kg,₹195.00
"YUM YUM 1 kg California Almonds, 100% Natural Badam Giri Dry Fruits",₹725.00
GIRIRAJ PRODUCTS PURE & NATURAL ANJEER 1KG/ FIGS 1KG,₹555.00
Good Life Unpolished Toor Dal 500 g,₹102.00
"Farmley Popular California Almonds, 100% Natural, 2 Times Crunchier, 500 g",₹360.00
Anjani Anjeer 100% Natural Dry Figs/Anjeer 1 kg,₹725.00
Marwar Mirchi (Red Chilly powder-500g) + Haldi (Turmeric powder-200g) + Dhania (Coriander powder-200g) Agmark Spices Super Saver Combo Pack of 900g,₹209.00
Nature's Bliss Calcutta Meetha Paan Mouth Freshner Paan mukhwas Without Supari Jar Packing FD Quality Product (400gm),₹189.00
Dhampur Green 2.4Kg Organic Desi Khand| 800g x 3 Packs,₹589.00
Oleev Active Blended Edible Vegetable Oil 5 L,"₹1,295.00"
Catch Amchur Powder 100 g,₹63.00
Good Life Unpolished Masoor Dal 1 kg,₹113.00
Good Life Moth Bean 500 g,₹65.00
Good Life Big Brown Chana 500 g,₹63.00
Natureland Organics Chana Dal 1 kg - Pack of 2,₹286.00
Nutri Binge 1kg Whole Cashews,₹698.00
Saffola Total Pro Heart Conscious Rice Bran Based Blended Oil 5 L,₹995.00
Parth Jaggery Powder 500 g,₹59.00
Good Life Big Mustard 500 g,₹59.00
EATYUMM Seeded Dates ( Pin Khajoor) -[ Premium Quality] [ Hygienically Vaccum Packed],₹189.00
Good Life (W240) Cashews 100 g,₹90.00
Kriti Refined Soybean Oil - 5L Square Jar (Pack of 1),₹699.00
Good Life Fine Besan 500 g,₹44.00
"Marwar Red Chili Powder 1 Kg (Lal Mirchi Powder | Red Chilly Powder, Agmark Grade) 1 Kilogram Pack",₹265.00
"RRAAMS Healthy Phool Makhana (Fox nuts/Lotus Seeds) , Total 750 gms (Pack of 3 x 250 gms)",₹457.00
Farmley Premium Broken Walnut Akhrot giri l kernels Pack of 2 400g each 200g,₹370.00
Kashmir Exotics Organic Kashmiri Mamra Almond Kernels 400 G,₹589.00
Good Life Black Raisins 100 g,₹45.00
Smith & Jones Pasta Masala 108 g,₹55.00
Subhog Parimal Rice 10 kg,₹399.00
Lion Deseeded Dates 500 g,₹133.00
Good Life Tibar Basmati Rice 1 kg,₹79.00
Catch Chatpata Chat Masala 100 g,₹52.00
Good Life Ajwain 200 g,₹90.00
Kasturika Mini Mogra Steam Basmati 10 Kg Rice,₹579.00
Molimor Unrefined Ground nut oil/100% PURE/15 KG,"₹3,695.00"
Pansari Rozana Basmati Rice 10 Kg | Royal Taste | Premium Pulao Rice,₹649.00
KLF Coconad Coconut Oil 1 L,₹245.00
Good Life Coriander 100 g,₹22.00
Snacklorry 1 Kg Premium Walnut Quarter Kernels | Akhrot Giri 1000 Grams | Lowest Price | 4pkts X250g,₹679.00
Ching's Secret Paneer Chilli Masala 20 g,₹9.00
Andramart solitaire Whole (Kaju) Cashew - 1 kg,₹685.00
RICE VILLA PURE| GOBINDO BHOG RICE JEERA KASALA 10 KG|,₹899.00
Kohinoor Charminar Brown Rice 1 kg,₹79.00
Tata Sampann Unpolished Gota Urad 1 kg,₹168.00
Nutraj Cashews 500 g,₹409.00
Everest Tikhalal Chilli Powder 200 g,₹126.00
Good Life Pure Crystal Sugar (M) 2 kg,₹89.00
Meewa 1 Kg Premium Walnut Quarter Kernels | Akhrot Giri 1000 Grams | Lowest Price | Best Quality | Vaccum Packed | Pack of 2 x 500 Grams |,₹679.00
Good Life In-Shell Walnuts 1 kg,₹599.00
Yogabar 500g Almonds | 100% Natural Premium California Almonds 500g | Premium High Quality Almonds| High in Fiber & Boost Immunity | Real Nuts | Whole Natural Badam,₹360.00
Aeroplane Shudh Chakki Atta| 10 Kg,₹429.00
Good Life Big Fennel 200 g,₹192.00
Catch Garam Masala 100 g,₹66.00
Natureland Organics Brown Sugar 1 kg combo - Pack of 2,₹235.00
Fortune Soya Wadi / Chunks 200 g,₹40.00
Kohinoor Authentic Basmati Rice 1 kg,₹129.00
GROCERY VILLA anjeer 1kg,₹559.00
The Oil Factory 5.25L Extra Light Olive Oil | Ideal for All Indian Cooking | Imported from Spain,"₹1,600.00"
Catch Sabzi Masala 100 g,₹46.00
Foodcan Kismis 1 Kg Black Afghani Raisin Dakh (Kishmis) 1 Kg Saver Pack,₹285.00
Good Life Unpolished Whole Moong 500 g,₹81.00
KEYA Oregano -10 g and Red Chilli Flakes -40 g Combo,₹164.00
Suhana Simla Premium 1 Liter Danedar Cow Ghee | Pure Cow Ghee (PACK OF 6),"₹2,399.00"
Good Life Jeerasar Rice 10 kg,₹559.00
Tata SuperLite Salt 1 kg,₹59.00
Foodcan Raisins 1 Kg Original Afghani Kismis Dakh Green Long Size (Kishmis) Seedless 1 Kg Supersaver Pack,₹299.00
Good Life Unpolished Chana Dal 1 kg,₹106.00
BLK Foods Select 1.0Kg Jumbo Super Crunchy Almonds Californian 1000g (5 X 200g),₹666.00
"Eatyumm Cardamom Green Whole - Grade - Big Size, 100g(Hari elaichi) - Premium Bold Size",₹259.00
Good Life Rozana Dubar Basmati Rice 5 kg,₹375.00
Daawat Biryani Basmati Rice 1 kg,₹179.00
Catch Turmeric Powder 200 g,₹48.00
Oreal 5L Premium Kachi Ghani Pure Mustard Oil | Chemical Free | Pure Sarso Cooking Oil -5 Litres,₹799.00
Devaaya Weight Watchers Brown Rice 1 kg,₹85.00
Nature Fresh Sampoorna Chakki Whole Wheat Atta 5 kg,₹199.00
"Aeroplane Daily Basmati Biryani Rice, 5 Kg",₹459.00
Anjani 1KG Premium Seedless Green Raisins (Kishmish),₹349.00
Everest Chaat Masala 50 g,₹39.00
Sunny Soya Fit Refined Soyabean Oil 1 L (Pouch),₹107.00
Good Life Mini Soya Chunks 200 g,₹30.00
"Veganic Jaggery Gur Balls | Fresh Gud Cubes | Bheli, Bellam, Vellam Sarkkara | Whole, Pure, Natural Gudh, No Chemicals Added 400g",₹165.00
Everest Sambhar Masala 100 g,₹72.00
Good Life Unpolished Black Whole Masoor 500 g,₹54.00
Sundrop Heart Blended Edible Vegetable Oil 3 L,₹445.00
Pansari Kachi Ghani Mustard oil/Sarso Cooking Oil| Good for Bones & Heart| - 3 Litre,₹479.00
Tata Sampann Unpolished Urad Dal 1 kg,₹168.00
Good Life Premium Ponni Boiled Rice 1 kg,₹69.00
Kohinoor Charminar Select Basmati Rice 1 kg,₹99.00
Good Life Chilka Urad Dal 1 kg,₹137.00
Kinsfolk 5.25 L Cold Pressed Groundnut Oil Plastic Bottle,"₹1,125.00"
Foodcan Figs 1 Kg Dry Fruits (Afghani Anjeer| Dried Figs| Medium Size) 1Kg,₹606.00
"GreenFinity Raw Pumpkin, Sunflower Seeds for Eating Protein and Fibre Rich Food For Immunity Booster Diet Food Pack of 2 - 250g (JAR Pack)",₹354.00
GO KITCHEN Afghanistan Afghani Anjeer Figs Big Size Anjir Dried Figs Zero Added Sugar & Preservatives Dry Fruit (Pack of 250 gram),₹249.00
Ahaar Chana Brown 1Kg /Kala Chana whole,₹190.00
India Gate Surti Kolam Rice 10 kg,₹735.00
Good Life In-Shell Walnuts 500 g,₹299.00
Sunpure Refined Sunflower Oil 15 L,"₹2,250.00"
Good Life Black Salt Powder 200 g,₹19.00
Good Life Rozana Dubar Basmati Rice 1 kg,₹75.00
Pillsbury Chakki Fresh Atta / Flour 1 kg,₹52.00
Snacklorry 1 Kg Walnut Without Shell Quarter Kernels | Kashmiri Quarter Akhrot Giri | Walnut Kernels 1000 Grams| Vaccum Packed | Pack Of 4 x 250 Grams| Without Shell 1 Kg Akhrot Giri,₹687.00
The Oil Factory 2L Pomace Olive Oil - 1L Pack of 2,₹599.00
Jivo Cold Pressed Canola Oil 5 L and Get 1 L Olive Oil Free,"₹1,399.00"
Goshudh Best Quality Peanut -1Kg (Pack Of 1) Moongfali (1000 g),₹259.00
Good Life Rice Atta / Flour 1 kg,₹39.00
Good Life Broken (2 pcs) Cashews 200 g,₹189.00
Foodcan Chilgoza Neja Dry Fruits Lebanon Pine Nuts With Shell 50g,₹289.00
Catch Coriander Powder 100 g,₹26.00
Good Life Unpolished Masoor Dal 500 g,₹57.00
Good Life Premium Ponni Raw Rice 1 kg,₹57.00
Good Life Big Brown Chana 1 kg,₹125.00
Gulab Kolhapuri Premium Jaggery 900gm,₹235.00
Good Life Yellow Kishmish 100 g,₹36.00
Good Life Matta Vadi Rice 10 kg,₹749.00
"Nutraj 100% Natural Dried Premium California Walnut Kernels, 500g (2 X 250g)",₹497.00
Al-ZameendaR High Quality 1kg Cashews| Natural Premium Whole Cashews,₹729.00
Everest Chicken Masala 100 g,₹83.00
Nutrela Soya Wadi 200 g,₹54.00
Being Vegan Afghani Anjeer Figs Afghanistan Dry Anjir Dried Figs Dry Fruits (500 Grams),₹399.00
BLK Foods Daily 400g True Small Green Cardamom Mini | Refreshing & Aromatic Choti Elaichi 400g,₹819.00
Value Pack Plain Cashews (4 pcs) 500 g,₹379.00
"BANIYYA SETH Dried Afghani Anjeer / Figs, Rich in Iron, Fibre & Vitamins, Low in calories and Fat Free | Source of Dietary Fiber, 1 KG",₹499.00
Jivo Cold Pressed Sunflower Oil 5 Ltr - Chemical free,₹699.00
YUM YUM California Walnuts Inshell 1kg,₹565.00
Satvikk Phool Makhana 400 Gms foxnuts/popped lotus seeds ( 100 Gm X Pack of 4),₹249.00
Everest Shahi Biryani Masala 50 g,₹77.00
Good Life Sharmili Rajma 500 g,₹76.00
Mirchillion 1Kg Kashmiri Chilli Powder Saver Pack,₹545.00
Desi Kitchen Foxtail Millet 500 g,₹55.00
Good Life Guntur Stemless Chilli 200 g,₹123.00
"Hathmic Cold Pressed Groundnut Oil, 5L HDPE (Un Refined and Un Filtered Pure Oil)","₹1,049.00"
OM+ Filtered Groundnut Oil Pouch 5 ltr (Pack of 5),₹939.00
"GreenFinity Raw Chia Seeds, Flax Seeds, Pumpkin Seed, Sunflower Seed, Watermelon Seeds & Muskmelon Seeds Combo(950g, Pack of 6)",₹545.00
STAR 555 Sona Masoori Rice Pouch - 30 Kg | Naturally Aged Rice | Rice For Daily Cooking,"₹1,749.00"
Ching's Secret Chowmein Hakka Noodles Masala 20 g,₹51.00
Khari Foods 1kg Zahidi Dates | Khajur / Khajoor Dry Fruits | Energy Booster | High Fibre | Soft & Juicy Healthy Snacks,₹270.00
Everest Hingraj Powder 50 g,₹132.00
Borges Olive Oil for Indian Cooking 2L,"₹1,999.00"
Organic Tattva Tur / Arhar Dal 500 g,₹139.00
Good Life Mixed Dry Fruits 200 g,₹135.00
India Gate Super Basmati Rice 1 kg,₹219.00
Kinsfolk 1 L Extra Light Olive Oil - (Imported Oil from Spain),₹344.00
SURYA 200gm CINNAMON STICKS (DALCHINNI) | WHOLE SPICES| HERBS,₹149.00
Anjani Daily California Almond (Badam) 1 Kg,₹749.00
Saffola Tasty Pro Fitness Concious Corn Based Blended Edible Vegetable Oil 5 L,₹649.00
LG Compounded Hing 100 g,₹163.00
BANIYA SETH Handpicked Lotus Seeds / Fox Nuts Big Size Phool Makhana (Pop / Gorgon Nut Puffed Kernels ) (100g),₹249.00
Notlih Pistachios 500gm,₹698.00
Good Life Unpolished Urad Dal 1 kg,₹148.00
Catch Chat Masala Sprinklers 100 g,₹76.00
Annprash White Sugar - 0.5 kg,₹128.00
Everest Pav Bhaji Masala 100 g,₹71.00
"RED ROSE DAILY BASMATI RICE, SUPER MONGRA, RICH AROMA, PERFECT FOR EVERYDAY USE, 10 KG",₹649.00
Daily Herbs Dried Premium Dry Anjeer 500g | Fig | Gluten Free & Sodium Free,₹375.00
"Aeroplane Rozana Premium Basmati Rice Perfectly Aged Long Grain with Rich Aroma Basmati Rice, 5 Kg",₹449.00
Dhara Filtered Groundnut Oil 1 L (Carton),₹209.00
Tata Sampann Turmeric Powder 100 g,₹30.00
Bharat Super Foods Dry Fruits Combo Pack - California Almonds & Cashew Nuts W320 - 100gm each (200gm),₹238.00
Manna Multigrain Atta 6kg | Certified Low GI Atta | Multi Millet Atta | Wheat Flour with 25% Millets (5kg + 1kg),₹595.00
Good Life Gobindbhog Atap Rice 1 kg,₹114.00
"CROWN Daily Basmati Rice, Double Polished 100% Natural Basmati Rice , 5 KG",₹459.00
RENTIO 5 Kg Oiled Toor Dal | Fresh Premium Desi Oily Tur/Arhar Dal,"₹1,550.00"
"Farmley Premium Natural Chia Seeds 400g, Pack of 2- Each 200g",₹211.00
"Aeroplane Everyday Biryani Basmati Rice, 25 Kg","₹2,049.00"
Suhana Paneer Tikka Masala Mix 50 g,₹36.00
Pyramid Traders 1KG Broken Walnut Kernels,₹630.00
Tata Sampann Chilli Powder 100 g,₹58.00
Nutraj California Roasted & Salted Pistachios 250 g | Crunchy & Healthy | Rich in Vitamin & Minerals,₹329.00
Everest Coriander Powder 100 g,₹39.00
Catch Chicken Masala 100 g,₹60.00
RENTIO Oiled Toor Dal 2 kg | Premium Desi oiled Tur/Arhar Dal | 2 Packs of 1 kg each,₹620.00
GKD's Premium 100% Pure Coconut Oil Pouch 1 L,₹210.00
Good Life Guntur With Stem Chilli 200 g,₹95.00
Good Life Whole Wheat Atta with Multigrain 1 kg,₹49.00
A Plus 1Kg Green Peas/Hara Matar vatana,₹215.00
Pick N Cook Brazil Big Chawli 500 g,₹65.00
SAPPHIRE California Almonds/Badam (Independent) - Pack of 2 (250gm X 2),₹344.00
Sunny Sun Lite Refined Sunflower Oil 5 L,₹599.00
Lali Balaji Gold Makhana 100 g (Pack Of 4),₹329.00
Pick N Cook Peanuts / Singdhana 500 g,₹126.00
Wonderland Foods Premium Roasted & Salted Cashews 400 g (Pack of 2),₹459.00
SHIVAAY PURE AND NATURAL Figs Dry Fruits (Afghani Anjeer | Dried Figs | Medium Size) 1 KG,₹579.00
Fortune Xpert Pro Sugar Conscious Blended Vegetable Oil 1 L,₹139.00
Tulsi California Rozana Value Almonds 1 Kg,₹740.00
Good Life Malka Masoor 500 g,₹56.00
BOYO 900 gm California Almond 100% Natural Gluten Free Vegan,₹649.00
Catch Hing 25 g,₹49.00
Good Life Premium Ponni Boiled Rice 10 kg,₹679.00
Sundrop SuperLite Advanced Refined Sunflower Oil 1 L (Pouch),₹245.00
Suhana Simla Premium 1 Liter Danedar Buffalo Ghee | Pure Buffalo Ghee | 1Liter,₹449.00
India Gate Weight Watchers Special Brown Rice 1 kg,₹132.00
Khari Foods 1kg Cashews | Dry Raw Kaju | Dry Fruits Nuts | Healthy Snacks,₹698.00
Nature's Choice Royale Fard Dates 500 g,₹165.00
Raams' Fox Nuts (Phool Makhana) 1Kg | Makhana Healthy Snacks | Lotus Seeds and Fox Nuts | Diet Food | Gluten Free | Organic Indian Food | Rich In Nutrients (Makhana 250gm Pack Of 4),₹657.00
Everest Chhole Masala 100 g,₹79.00
NAVJEEVAN BLACK PEPPER 500g.,₹349.00
Everest Chicken Masala 50 g,₹43.00
Tulsi California Inshell Walnuts 1 kg,₹499.00
Eatyumm Cumin Seeds (Jeera) 1kg|Kitchen Spice|Organic Farm Jeera Cumin Seeds jeera,₹769.00
The Oil Factory 5.25L Pomace Olive Oil | Ideal for All Indian Cooking | Imported from Spain,"₹1,500.00"
Aashirvaad Kashmiri Mirch Powder 100 g,₹70.00
Everest Turmeric Powder 500 g,₹153.00
"Dry Fruit Hub - Kesar Saffron Original 1gm | Daily Nuts kumkumapuvvu, A+ + Grade Kashmiri Kesar",₹199.00
Suhana Paneer Butter Masala Mix 50 g,₹36.00
Pinkcity 2L Pure Sesame Oil | Til Oil | Gingelly Oil | Wood Pressed | 1Litre Bottle,₹549.00
Emami Healthy & Tasty Refined Sunflower Oil 1 L,₹105.00
"GO KITCHEN Healthy Dry Fruit Dried Figs Afghani Anjeer|Afghani Anjeer Figs Dry Fruits Anjir (Dried Figs) Dry Fruits Anjeer Big and Soft, 800gm Pack",₹499.00
Good Life Fine Mustard 100 g,₹17.00
Daawat Brown Basmati Rice 5 kg,₹659.00
Rishi Pure Kimia Dates Gold Premium Dried Dates 600gm,₹329.00
GreenFinity Cardamom Green Whole - 50gm + 50gm Sabut Elaichi Grade - Big Size (Buy 1 Get 1 Free).,₹264.00
Mr.Gold Refined Sunflower Oil Can 5L with Iron Dosa Tawa worth Rs.250,₹899.00
Good Life Unpolished Chana Dal 500 g,₹54.00
Standard Pulav Rice 2 kg,₹139.00
Double Horse Palakkadan Matta Rice 5 kg,₹345.00
Everest Garam Masala 50 g,₹47.00
Everest Sabji Masala 100 g,₹66.00
Priya Vanaspati 1 L,₹89.00
Nutraj W450 Cashew Nuts 800g (Pack of 2 x 400g),₹611.00
Heka Bites 1000g Makhana ( Fox Nuts) (250g *Pack of 4),₹829.00
Good Life Unpolished Black Whole Masoor 1 kg,₹106.00
Snacklorry 1 Kg Walnut Without Shell Quarter Kernels | Kashmiri Quarter Akhrot Giri | Walnut Kernel,₹674.00
Pyramid Traders 1 KG Brown Plus Kashmiri Walnut Kernels (Without Shell) Akrot Giri,₹695.00
Desi Kitchen Kodo Millet 500 g,₹55.00
Sundrop Lite Sunflower Refined Oil 1 L,₹159.00
Good Life Unpolished Urad Dal 500 g,₹75.00
Everest Black Pepper Powder 50 g,₹72.00
Pitaamah Surti Kolam Rice - 5kg - Lashkari Kollam - Unpolished Rice - Aromatic Rice,₹585.00
Pillsbury Multigrain Atta 5 kg,₹264.00
NAVJEEVAN TAMARIND | IMLI | CHINCH SEEDLESS 1kg (500g X 2),₹199.00
Tata Sampann Turmeric Powder 200 g,₹60.00
"RED ROSE MONGRA BASMATI RICE, 10 KG",₹609.00
Everest Chaat Masala 100 g,₹73.00
Fortune Xpert Pro Immunity Blended Oil 1 L,₹119.00
Good Life MP Sharbatti Atta 1 kg,₹45.00
Good Life Miniket Rice 10 kg,₹619.00
Nutrela Soya Granules 200 g,₹54.00
SHREE KALPADRUMA ghee Natural A2 Desi Cow Ghee 1000ML|Pure Cow Ghee for Better Digestion and Immunity|100% natural and premium quality,₹445.00
Satvikk 1000 gm Premium Almonds Californian 1 KG,₹679.00
Good Life Bajra 1 kg,₹49.00
Molsi's 400g Dry Roasted and Salted Pistachios (200gX2),₹449.00
BLUE HIMALAYAS KASHMIRI WALLNUTS PREMIUM GRADE A QUALITY SOFT SHELL,₹549.00
Good Life Unpolished White Gota Urad 1 kg,₹164.00
Tata Sampann Unpolished Urad Dal 500 g,₹84.00
Madam Rawa 500 g,₹40.00
Wonderland Foods Premium Munch The Healthy Crunch Value Pack Almonds 500 g,₹374.00
Everest Tea Masala 50 g,₹63.00
ANMOL DESI COW GHEE 100% Natural Cow Ghee 2 KG | Quality Desi Ghee 2 KG,₹990.00
Everest Pav Bhaji Masala 50 g,₹42.00
Catch Coriander Powder 500 g,₹137.00
Best Farms Kalonji 100 g,₹40.00
Everest Turmeric Powder 200 g,₹65.00
Lotus Spices Black Pepper 25 g,₹28.00
RRAAMS MAKHANA 1KG FOXNUTS PHOOL MAKHANA,₹707.00
AL-ZAMEENDAR - Premium Whole Cashew | 1 KG |Whole Kaju,₹699.00
Tilsona Gold Til Oil 1 L,₹375.00
Bioherbs 100% Natural Premium International California Almond 1 kg (Pack of 2),"₹1,349.00"
La Casa Original Lacha Kashmiri Saffron Kesar 1 Gm (Pack Of 2),₹349.00
Everest Turmeric Powder 100 g,₹35.00
Rice Villa YUVRAJ Sona Masuri (Sambha) Steam Rice 26kg,"₹1,599.00"
"Pyramid Traders 1 KG Kashmiri Mamra Almond in Shell, Sabut soft (Kagzi)",₹499.00
Pink Delight Unpolished Dry Arhar Dal | Toor Daal | Tur Dal | Sambhar Dal | 500 Gm,₹225.00
SHREE KALPADRUMA ghee Natural A2 Desi Cow Ghee 5 LTR|Pure Cow Ghee for Better Digestion and Immunity|100% natural and premium quality,"₹2,200.00"
NUTRIMIXX Premium Kashmiri Mamra Almonds| 1 Kg | A+ grade Badam| High Protein & Vit E Content,"₹1,199.00"
"Nut Toppers Arabian Dates, 800 g (400g x 2)",₹268.00
Snackamor Premium Dried Cranberries 200 g (Pack of 2x100g),₹189.00
Aashirvaad Coriander Powder 200 g,₹46.00
Coreganic 1kg 100% Natural International Premium Broken Cashews,₹649.00
Ching's Secret Schezwan Fried Rice Masala 100 g (5 Sachets),₹49.00
ANMOL RICH 26 Kg Raw Sona Masoori Rice,"₹1,699.00"
Daawat Sehat Mini Mogra 60 Basmati Rice 5 kg,₹269.00
Daawat Sonamasoori Rice 10 kg,₹579.00
DAIRY SAGAR GOPAL Pure Desi Cow Ghee Pure Cow Ghee for Better Digestion and Immunity 1 ltr jar-1,₹410.00
Elina Long Grain Rice 1 kg,₹60.00
Sunday Refined Sunflower Oil 1 L,₹111.00
Good Life Jeera 200 g,₹175.00
Suji / Rawa 500 g,₹24.00
Sugar (M) 2 kg,₹90.00
Gowardhan Pure Cow Ghee 1 L (Pouch),₹661.00
Aashirvaad Superior MP Whole Wheat Atta 5 kg,₹245.00
Onion (Loose),120.00
Potato,51.00
Tomato - Hybrid (Loose),16.00
Carrot - Orange (Loose),20.00
Tomato - Local (Loose),14.00
Ladies' Fingers (Loose),14.00
Fresho Pomegranate Regular,298.00
Capsicum - Green (Loose),25.00
Banana - Robusta,31.00
Potato Onion Tomato 1 kg Each,141.00
Cucumber (Loose),17.00
Banana - Yelakki,113.00
Cauliflower,43.00
Beans - Haricot (Loose),117.00
Tender Coconut,390.40
Ginger (Loose),36.00
Coriander Leaves,27.00
Coconut - Medium,35.00
Tender Coconut,78.08
Lemon (Loose),81.00
Apple - Royal Gala Economy,329.00
Pomegranate,258.00
Beetroot (Loose),16.00
Broccoli,59.00
"Chilli - Green, Organically Grown (Loose)",14.00
Cabbage,33.00
Kiwi - Green,176.00
"Apple - Royal Gala, Regular",255.00
"Palak - Cleaned, without roots",73.00
Mushrooms - Button,80.00
Coccinia (Loose),21.00
Cucumber - English (Loose),19.00
Apple - Shimla,164.00
Bottle Gourd (Loose),47.00
Apple Shimla + Banana Robusta + Orange Nagpur+ Tender Coconut+ Watermelon Small,494.08
Garlic (Loose),84.00
Onion (Loose),120.00
Potato,51.00
Tomato - Hybrid (Loose),16.00
Carrot - Orange (Loose),20.00
Tomato - Local (Loose),14.00
Ladies' Fingers (Loose),14.00
Fresho Pomegranate Regular,298.00
Capsicum - Green (Loose),25.00
Banana - Robusta,31.00
Potato Onion Tomato 1 kg Each,141.00
Cucumber (Loose),17.00
Banana - Yelakki,113.00
Cauliflower,43.00
Beans - Haricot (Loose),117.00
Tender Coconut,390.40
Ginger (Loose),36.00
Coriander Leaves,27.00
Coconut - Medium,35.00
Tender Coconut,78.08
Lemon (Loose),81.00
Apple - Royal Gala Economy,329.00
Pomegranate,258.00
Beetroot (Loose),16.00
Broccoli,59.00
"Chilli - Green, Organically Grown (Loose)",14.00
Cabbage,33.00
Kiwi - Green,176.00
"Apple - Royal Gala, Regular",255.00
"Palak - Cleaned, without roots",73.00
Mushrooms - Button,80.00
Coccinia (Loose),21.00
Cucumber - English (Loose),19.00
Apple - Shimla,164.00
Bottle Gourd (Loose),47.00
Apple Shimla + Banana Robusta + Orange Nagpur+ Tender Coconut+ Watermelon Small,494.08
Garlic (Loose),84.00
Onion (Loose),120.00
Potato,51.00
Tomato - Hybrid (Loose),16.00
Carrot - Orange (Loose),20.00
Tomato - Local (Loose),14.00
Ladies' Fingers (Loose),14.00
Fresho Pomegranate Regular,298.00
Capsicum - Green (Loose),25.00
Banana - Robusta,31.00
Potato Onion Tomato 1 kg Each,141.00
Cucumber (Loose),17.00
Banana - Yelakki,113.00
Cauliflower,43.00
Beans - Haricot (Loose),117.00
Tender Coconut,390.40
Ginger (Loose),36.00
Coriander Leaves,27.00
Coconut - Medium,35.00
Tender Coconut,78.08
Lemon (Loose),81.00
Apple - Royal Gala Economy,329.00
Pomegranate,258.00
Beetroot (Loose),16.00
Broccoli,59.00
"Chilli - Green, Organically Grown (Loose)",14.00
Cabbage,33.00
Kiwi - Green,176.00
"Apple - Royal Gala, Regular",255.00
"Palak - Cleaned, without roots",73.00
Mushrooms - Button,80.00
Coccinia (Loose),21.00
Cucumber - English (Loose),19.00
Apple - Shimla,164.00
Bottle Gourd (Loose),47.00
Apple Shimla + Banana Robusta + Orange Nagpur+ Tender Coconut+ Watermelon Small,494.08
Garlic (Loose),84.00
Onion (Loose),120.00
Potato,51.00
Tomato - Hybrid (Loose),16.00
Carrot - Orange (Loose),20.00
Tomato - Local (Loose),14.00
Ladies' Fingers (Loose),14.00
Fresho Pomegranate Regular,298.00
Capsicum - Green (Loose),25.00
Banana - Robusta,31.00
Potato Onion Tomato 1 kg Each,141.00
Cucumber (Loose),17.00
Banana - Yelakki,113.00
Cauliflower,43.00
Beans - Haricot (Loose),117.00
Tender Coconut,390.40
Ginger (Loose),36.00
Coriander Leaves,27.00
Coconut - Medium,35.00
Tender Coconut,78.08
Lemon (Loose),81.00
Apple - Royal Gala Economy,329.00
Pomegranate,258.00
Beetroot (Loose),16.00
Broccoli,59.00
"Chilli - Green, Organically Grown (Loose)",14.00
Cabbage,33.00
Kiwi - Green,176.00
"Apple - Royal Gala, Regular",255.00
"Palak - Cleaned, without roots",73.00
Mushrooms - Button,80.00
Coccinia (Loose),21.00
Cucumber - English (Loose),19.00
Apple - Shimla,164.00
Bottle Gourd (Loose),47.00
Apple Shimla + Banana Robusta + Orange Nagpur+ Tender Coconut+ Watermelon Small,494.08
Garlic (Loose),84.00
Onion (Loose),120.00
Potato,51.00
Tomato - Hybrid (Loose),16.00
Carrot - Orange (Loose),20.00
Tomato - Local (Loose),14.00
Ladies' Fingers (Loose),14.00
Fresho Pomegranate Regular,298.00
Capsicum - Green (Loose),25.00
Banana - Robusta,31.00
Potato Onion Tomato 1 kg Each,141.00
Cucumber (Loose),17.00
Banana - Yelakki,113.00
Cauliflower,43.00
Beans - Haricot (Loose),117.00
Tender Coconut,390.40
Ginger (Loose),36.00
Coriander Leaves,27.00
Coconut - Medium,35.00
Tender Coconut,78.08
Lemon (Loose),81.00
Apple - Royal Gala Economy,329.00
Pomegranate,258.00
Beetroot (Loose),16.00
Broccoli,59.00
"Chilli - Green, Organically Grown (Loose)",14.00
Cabbage,33.00
Kiwi - Green,176.00
"Apple - Royal Gala, Regular",255.00
"Palak - Cleaned, without roots",73.00
Mushrooms - Button,80.00
Coccinia (Loose),21.00
Cucumber - English (Loose),19.00
Apple - Shimla,164.00
Bottle Gourd (Loose),47.00
Apple Shimla + Banana Robusta + Orange Nagpur+ Tender Coconut+ Watermelon Small,494.08
Garlic (Loose),84.00
Onion (Loose),120.00
Potato,51.00
Tomato - Hybrid (Loose),16.00
Carrot - Orange (Loose),20.00
Tomato - Local (Loose),14.00
Ladies' Fingers (Loose),14.00
Fresho Pomegranate Regular,298.00
Capsicum - Green (Loose),25.00
Banana - Robusta,31.00
Potato Onion Tomato 1 kg Each,141.00
Cucumber (Loose),17.00
Banana - Yelakki,113.00
Cauliflower,43.00
Beans - Haricot (Loose),117.00
Tender Coconut,390.40
Ginger (Loose),36.00
Coriander Leaves,27.00
Coconut - Medium,35.00
Tender Coconut,78.08
Lemon (Loose),81.00
Apple - Royal Gala Economy,329.00
Pomegranate,258.00
Beetroot (Loose),16.00
Broccoli,59.00
"Chilli - Green, Organically Grown (Loose)",14.00
Cabbage,33.00
Kiwi - Green,176.00
"Apple - Royal Gala, Regular",255.00
"Palak - Cleaned, without roots",73.00
Mushrooms - Button,80.00
Coccinia (Loose),21.00
Cucumber - English (Loose),19.00
Apple - Shimla,164.00
Bottle Gourd (Loose),47.00
Apple Shimla + Banana Robusta + Orange Nagpur+ Tender Coconut+ Watermelon Small,494.08
Garlic (Loose),84.00
Onion (Loose),120.00
Potato,51.00
Tomato - Hybrid (Loose),16.00
Carrot - Orange (Loose),20.00
Tomato - Local (Loose),14.00
Ladies' Fingers (Loose),14.00
Fresho Pomegranate Regular,298.00
Capsicum - Green (Loose),25.00
Banana - Robusta,31.00
Potato Onion Tomato 1 kg Each,141.00
Cucumber (Loose),17.00
Banana - Yelakki,113.00
Cauliflower,43.00
Beans - Haricot (Loose),117.00
Tender Coconut,390.40
Ginger (Loose),36.00
Coriander Leaves,27.00
Coconut - Medium,35.00
Tender Coconut,78.08
Lemon (Loose),81.00
Apple - Royal Gala Economy,329.00
Pomegranate,258.00
Beetroot (Loose),16.00
Broccoli,59.00
"Chilli - Green, Organically Grown (Loose)",14.00
Cabbage,33.00
Kiwi - Green,176.00
"Apple - Royal Gala, Regular",255.00
"Palak - Cleaned, without roots",73.00
Mushrooms - Button,80.00
Coccinia (Loose),21.00
Cucumber - English (Loose),19.00
Apple - Shimla,164.00
Bottle Gourd (Loose),47.00
Apple Shimla + Banana Robusta + Orange Nagpur+ Tender Coconut+ Watermelon Small,494.08
Garlic (Loose),84.00
Onion (Loose),120.00
Potato,51.00
Tomato - Hybrid (Loose),16.00
Carrot - Orange (Loose),20.00
Tomato - Local (Loose),14.00
Ladies' Fingers (Loose),14.00
Fresho Pomegranate Regular,298.00
Capsicum - Green (Loose),25.00
Banana - Robusta,31.00
Potato Onion Tomato 1 kg Each,141.00
Cucumber (Loose),17.00
Banana - Yelakki,113.00
Cauliflower,43.00
Beans - Haricot (Loose),117.00
Tender Coconut,390.40
Ginger (Loose),36.00
Coriander Leaves,27.00
Coconut - Medium,35.00
Tender Coconut,78.08
Lemon (Loose),81.00
Apple - Royal Gala Economy,329.00
Pomegranate,258.00
Beetroot (Loose),16.00
Broccoli,59.00
"Chilli - Green, Organically Grown (Loose)",14.00
Cabbage,33.00
Kiwi - Green,176.00
"Apple - Royal Gala, Regular",255.00
"Palak - Cleaned, without roots",73.00
Mushrooms - Button,80.00
Coccinia (Loose),21.00
Cucumber - English (Loose),19.00
Apple - Shimla,164.00
Bottle Gourd (Loose),47.00
Apple Shimla + Banana Robusta + Orange Nagpur+ Tender Coconut+ Watermelon Small,494.08
Garlic (Loose),84.00
Onion (Loose),120.00
Potato,51.00
Tomato - Hybrid (Loose),16.00
Carrot - Orange (Loose),20.00
Tomato - Local (Loose),14.00
Ladies' Fingers (Loose),14.00
Fresho Pomegranate Regular,298.00
Capsicum - Green (Loose),25.00
Banana - Robusta,31.00
Potato Onion Tomato 1 kg Each,141.00
Cucumber (Loose),17.00
Banana - Yelakki,113.00
Cauliflower,43.00
Beans - Haricot (Loose),117.00
Tender Coconut,390.40
Ginger (Loose),36.00
Coriander Leaves,27.00
Coconut - Medium,35.00
Tender Coconut,78.08
Lemon (Loose),81.00
Apple - Royal Gala Economy,329.00
Pomegranate,258.00
Beetroot (Loose),16.00
Broccoli,59.00
"Chilli - Green, Organically Grown (Loose)",14.00
Cabbage,33.00
Kiwi - Green,176.00
"Apple - Royal Gala, Regular",255.00
"Palak - Cleaned, without roots",73.00
Mushrooms - Button,80.00
Coccinia (Loose),21.00
Cucumber - English (Loose),19.00
Apple - Shimla,164.00
Bottle Gourd (Loose),47.00
Apple Shimla + Banana Robusta + Orange Nagpur+ Tender Coconut+ Watermelon Small,494.08
Garlic (Loose),84.00
Onion (Loose),120.00
Potato,51.00
Tomato - Hybrid (Loose),16.00
Carrot - Orange (Loose),20.00
Tomato - Local (Loose),14.00
Ladies' Fingers (Loose),14.00
Fresho Pomegranate Regular,298.00
Capsicum - Green (Loose),25.00
Banana - Robusta,31.00
Potato Onion Tomato 1 kg Each,141.00
Cucumber (Loose),17.00
Banana - Yelakki,113.00
Cauliflower,43.00
Beans - Haricot (Loose),117.00
Tender Coconut,390.40
Ginger (Loose),36.00
Coriander Leaves,27.00
Coconut - Medium,35.00
Tender Coconut,78.08
Lemon (Loose),81.00
Apple - Royal Gala Economy,329.00
Pomegranate,258.00
Beetroot (Loose),16.00
Broccoli,59.00
"Chilli - Green, Organically Grown (Loose)",14.00
Cabbage,33.00
Kiwi - Green,176.00
"Apple - Royal Gala, Regular",255.00
"Palak - Cleaned, without roots",73.00
Mushrooms - Button,80.00
Coccinia (Loose),21.00
Cucumber - English (Loose),19.00
Apple - Shimla,164.00
Bottle Gourd (Loose),47.00
Apple Shimla + Banana Robusta + Orange Nagpur+ Tender Coconut+ Watermelon Small,494.08
Garlic (Loose),84.00
Onion (Loose),120.00
Potato,51.00
Tomato - Hybrid (Loose),16.00
Carrot - Orange (Loose),20.00
Tomato - Local (Loose),14.00
Ladies' Fingers (Loose),14.00
Fresho Pomegranate Regular,298.00
Capsicum - Green (Loose),25.00
Banana - Robusta,31.00
Potato Onion Tomato 1 kg Each,141.00
Cucumber (Loose),17.00
Banana - Yelakki,113.00
Cauliflower,43.00
Beans - Haricot (Loose),117.00
Tender Coconut,390.40
Ginger (Loose),36.00
Coriander Leaves,27.00
Coconut - Medium,35.00
Tender Coconut,78.08
Lemon (Loose),81.00
Apple - Royal Gala Economy,329.00
Pomegranate,258.00
Beetroot (Loose),16.00
Broccoli,59.00
"Chilli - Green, Organically Grown (Loose)",14.00
Cabbage,33.00
Kiwi - Green,176.00
"Apple - Royal Gala, Regular",255.00
"Palak - Cleaned, without roots",73.00
Mushrooms - Button,80.00
Coccinia (Loose),21.00
Cucumber - English (Loose),19.00
Apple - Shimla,164.00
Bottle Gourd (Loose),47.00
Apple Shimla + Banana Robusta + Orange Nagpur+ Tender Coconut+ Watermelon Small,494.08
Garlic (Loose),84.00
Onion (Loose),120.00
Potato,51.00
Tomato - Hybrid (Loose),16.00
Carrot - Orange (Loose),20.00
Tomato - Local (Loose),14.00
Ladies' Fingers (Loose),14.00
Fresho Pomegranate Regular,298.00
Capsicum - Green (Loose),25.00
Banana - Robusta,31.00
Potato Onion Tomato 1 kg Each,141.00
Cucumber (Loose),17.00
Banana - Yelakki,113.00
Cauliflower,43.00
Beans - Haricot (Loose),117.00
Tender Coconut,390.40
Ginger (Loose),36.00
Coriander Leaves,27.00
Coconut - Medium,35.00
Tender Coconut,78.08
Lemon (Loose),81.00
Apple - Royal Gala Economy,329.00
Pomegranate,258.00
Beetroot (Loose),16.00
Broccoli,59.00
"Chilli - Green, Organically Grown (Loose)",14.00
Cabbage,33.00
Kiwi - Green,176.00
"Apple - Royal Gala, Regular",255.00
"Palak - Cleaned, without roots",73.00
Mushrooms - Button,80.00
Coccinia (Loose),21.00
Cucumber - English (Loose),19.00
Apple - Shimla,164.00
Bottle Gourd (Loose),47.00
Apple Shimla + Banana Robusta + Orange Nagpur+ Tender Coconut+ Watermelon Small,494.08
Garlic (Loose),84.00
Onion (Loose),120.00
Potato,51.00
Tomato - Hybrid (Loose),16.00
Carrot - Orange (Loose),20.00
Tomato - Local (Loose),14.00
Ladies' Fingers (Loose),14.00
Fresho Pomegranate Regular,298.00
Capsicum - Green (Loose),25.00
Banana - Robusta,31.00
Potato Onion Tomato 1 kg Each,141.00
Cucumber (Loose),17.00
Banana - Yelakki,113.00
Cauliflower,43.00
Beans - Haricot (Loose),117.00
Tender Coconut,390.40
Ginger (Loose),36.00
Coriander Leaves,27.00
Coconut - Medium,35.00
Tender Coconut,78.08
Lemon (Loose),81.00
Apple - Royal Gala Economy,329.00
Pomegranate,258.00
Beetroot (Loose),16.00
Broccoli,59.00
"Chilli - Green, Organically Grown (Loose)",14.00
Cabbage,33.00
Kiwi - Green,176.00
"Apple - Royal Gala, Regular",255.00
"Palak - Cleaned, without roots",73.00
Mushrooms - Button,80.00
Coccinia (Loose),21.00
Cucumber - English (Loose),19.00
Apple - Shimla,164.00
Bottle Gourd (Loose),47.00
Apple Shimla + Banana Robusta + Orange Nagpur+ Tender Coconut+ Watermelon Small,494.08
Garlic (Loose),84.00
Onion (Loose),120.00
Potato,51.00
Tomato - Hybrid (Loose),16.00
Carrot - Orange (Loose),20.00
Tomato - Local (Loose),14.00
Ladies' Fingers (Loose),14.00
Fresho Pomegranate Regular,298.00
Capsicum - Green (Loose),25.00
Banana - Robusta,31.00
Potato Onion Tomato 1 kg Each,141.00
Cucumber (Loose),17.00
Banana - Yelakki,113.00
Cauliflower,43.00
Beans - Haricot (Loose),117.00
Tender Coconut,390.40
Ginger (Loose),36.00
Coriander Leaves,27.00
Coconut - Medium,35.00
Tender Coconut,78.08
Lemon (Loose),81.00
Apple - Royal Gala Economy,329.00
Pomegranate,258.00
Beetroot (Loose),16.00
Broccoli,59.00
"Chilli - Green, Organically Grown (Loose)",14.00
Cabbage,33.00
Kiwi - Green,176.00
"Apple - Royal Gala, Regular",255.00
"Palak - Cleaned, without roots",73.00
Mushrooms - Button,80.00
Coccinia (Loose),21.00
Cucumber - English (Loose),19.00
Apple - Shimla,164.00
Bottle Gourd (Loose),47.00
Apple Shimla + Banana Robusta + Orange Nagpur+ Tender Coconut+ Watermelon Small,494.08
Garlic (Loose),84.00
Onion (Loose),120.00
Potato,51.00
Tomato - Hybrid (Loose),16.00
Carrot - Orange (Loose),20.00
Tomato - Local (Loose),14.00
Ladies' Fingers (Loose),14.00
Fresho Pomegranate Regular,298.00
Capsicum - Green (Loose),25.00
Banana - Robusta,31.00
Potato Onion Tomato 1 kg Each,141.00
Cucumber (Loose),17.00
Banana - Yelakki,113.00
Cauliflower,43.00
Beans - Haricot (Loose),117.00
Tender Coconut,390.40
Ginger (Loose),36.00
Coriander Leaves,27.00
Coconut - Medium,35.00
Tender Coconut,78.08
Lemon (Loose),81.00
Apple - Royal Gala Economy,329.00
Pomegranate,258.00
Beetroot (Loose),16.00
Broccoli,59.00
"Chilli - Green, Organically Grown (Loose)",14.00
Cabbage,33.00
Kiwi - Green,176.00
"Apple - Royal Gala, Regular",255.00
"Palak - Cleaned, without roots",73.00
Mushrooms - Button,80.00
Coccinia (Loose),21.00
Cucumber - English (Loose),19.00
Apple - Shimla,164.00
Bottle Gourd (Loose),47.00
Apple Shimla + Banana Robusta + Orange Nagpur+ Tender Coconut+ Watermelon Small,494.08
Garlic (Loose),84.00
Onion (Loose),120.00
Potato,51.00
Tomato - Hybrid (Loose),16.00
Carrot - Orange (Loose),20.00
Tomato - Local (Loose),14.00
Ladies' Fingers (Loose),14.00
Fresho Pomegranate Regular,298.00
Capsicum - Green (Loose),25.00
Banana - Robusta,31.00
Potato Onion Tomato 1 kg Each,141.00
Cucumber (Loose),17.00
Banana - Yelakki,113.00
Cauliflower,43.00
Beans - Haricot (Loose),117.00
Tender Coconut,390.40
Ginger (Loose),36.00
Coriander Leaves,27.00
Coconut - Medium,35.00
Tender Coconut,78.08
Lemon (Loose),81.00
Apple - Royal Gala Economy,329.00
Pomegranate,258.00
Beetroot (Loose),16.00
Broccoli,59.00
"Chilli - Green, Organically Grown (Loose)",14.00
Cabbage,33.00
Kiwi - Green,176.00
"Apple - Royal Gala, Regular",255.00
"Palak - Cleaned, without roots",73.00
Mushrooms - Button,80.00
Coccinia (Loose),21.00
Cucumber - English (Loose),19.00
Apple - Shimla,164.00
Bottle Gourd (Loose),47.00
Apple Shimla + Banana Robusta + Orange Nagpur+ Tender Coconut+ Watermelon Small,494.08
Garlic (Loose),84.00
Onion (Loose),120.00
Potato,51.00
Tomato - Hybrid (Loose),16.00
Carrot - Orange (Loose),20.00
Tomato - Local (Loose),14.00
Ladies' Fingers (Loose),14.00
Fresho Pomegranate Regular,298.00
Capsicum - Green (Loose),25.00
Banana - Robusta,31.00
Potato Onion Tomato 1 kg Each,141.00
Cucumber (Loose),17.00
Banana - Yelakki,113.00
Cauliflower,43.00
Beans - Haricot (Loose),117.00
Tender Coconut,390.40
Ginger (Loose),36.00
Coriander Leaves,27.00
Coconut - Medium,35.00
Tender Coconut,78.08
Lemon (Loose),81.00
Apple - Royal Gala Economy,329.00
Pomegranate,258.00
Beetroot (Loose),16.00
Broccoli,59.00
"Chilli - Green, Organically Grown (Loose)",14.00
Cabbage,33.00
Kiwi - Green,176.00
"Apple - Royal Gala, Regular",255.00
"Palak - Cleaned, without roots",73.00
Mushrooms - Button,80.00
Coccinia (Loose),21.00
Cucumber - English (Loose),19.00
Apple - Shimla,164.00
Bottle Gourd (Loose),47.00
Apple Shimla + Banana Robusta + Orange Nagpur+ Tender Coconut+ Watermelon Small,494.08
Garlic (Loose),84.00
Onion (Loose),120.00
Potato,51.00
Tomato - Hybrid (Loose),16.00
Carrot - Orange (Loose),20.00
Tomato - Local (Loose),14.00
Ladies' Fingers (Loose),14.00
Fresho Pomegranate Regular,298.00
Capsicum - Green (Loose),25.00
Banana - Robusta,31.00
Potato Onion Tomato 1 kg Each,141.00
Cucumber (Loose),17.00
Banana - Yelakki,113.00
Cauliflower,43.00
Beans - Haricot (Loose),117.00
Tender Coconut,390.40
Ginger (Loose),36.00
Coriander Leaves,27.00
Coconut - Medium,35.00
Tender Coconut,78.08
Lemon (Loose),81.00
Apple - Royal Gala Economy,329.00
Pomegranate,258.00
Beetroot (Loose),16.00
Broccoli,59.00
"Chilli - Green, Organically Grown (Loose)",14.00
Cabbage,33.00
Kiwi - Green,176.00
"Apple - Royal Gala, Regular",255.00
"Palak - Cleaned, without roots",73.00
Mushrooms - Button,80.00
Coccinia (Loose),21.00
Cucumber - English (Loose),19.00
Apple - Shimla,164.00
Bottle Gourd (Loose),47.00
Apple Shimla + Banana Robusta + Orange Nagpur+ Tender Coconut+ Watermelon Small,494.08
Garlic (Loose),84.00
Onion (Loose),120.00
Potato,51.00
Tomato - Hybrid (Loose),16.00
Carrot - Orange (Loose),20.00
Tomato - Local (Loose),14.00
Ladies' Fingers (Loose),14.00
Fresho Pomegranate Regular,298.00
Capsicum - Green (Loose),25.00
Banana - Robusta,31.00
Potato Onion Tomato 1 kg Each,141.00
Cucumber (Loose),17.00
Banana - Yelakki,113.00
Cauliflower,43.00
Beans - Haricot (Loose),117.00
Tender Coconut,390.40
Ginger (Loose),36.00
Coriander Leaves,27.00
Coconut - Medium,35.00
Tender Coconut,78.08
Lemon (Loose),81.00
Apple - Royal Gala Economy,329.00
Pomegranate,258.00
Beetroot (Loose),16.00
Broccoli,59.00
"Chilli - Green, Organically Grown (Loose)",14.00
Cabbage,33.00
Kiwi - Green,176.00
"Apple - Royal Gala, Regular",255.00
"Palak - Cleaned, without roots",73.00
Mushrooms - Button,80.00
Coccinia (Loose),21.00
Cucumber - English (Loose),19.00
Apple - Shimla,164.00
Bottle Gourd (Loose),47.00
Apple Shimla + Banana Robusta + Orange Nagpur+ Tender Coconut+ Watermelon Small,494.08
Garlic (Loose),84.00
Onion (Loose),120.00
Potato,51.00
Tomato - Hybrid (Loose),16.00
Carrot - Orange (Loose),20.00
Tomato - Local (Loose),14.00
Ladies' Fingers (Loose),14.00
Fresho Pomegranate Regular,298.00
Capsicum - Green (Loose),25.00
Banana - Robusta,31.00
Potato Onion Tomato 1 kg Each,141.00
Cucumber (Loose),17.00
Banana - Yelakki,113.00
Cauliflower,43.00
Beans - Haricot (Loose),117.00
Tender Coconut,390.40
Ginger (Loose),36.00
Coriander Leaves,27.00
Coconut - Medium,35.00
Tender Coconut,78.08
Lemon (Loose),81.00
Apple - Royal Gala Economy,329.00
Pomegranate,258.00
Beetroot (Loose),16.00
Broccoli,59.00
"Chilli - Green, Organically Grown (Loose)",14.00
Cabbage,33.00
Kiwi - Green,176.00
"Apple - Royal Gala, Regular",255.00
"Palak - Cleaned, without roots",73.00
Mushrooms - Button,80.00
Coccinia (Loose),21.00
Cucumber - English (Loose),19.00
Apple - Shimla,164.00
Bottle Gourd (Loose),47.00
Apple Shimla + Banana Robusta + Orange Nagpur+ Tender Coconut+ Watermelon Small,494.08
Garlic (Loose),84.00
Onion (Loose),120.00
Potato,51.00
Tomato - Hybrid (Loose),16.00
Carrot - Orange (Loose),20.00
Tomato - Local (Loose),14.00
Ladies' Fingers (Loose),14.00
Fresho Pomegranate Regular,298.00
Capsicum - Green (Loose),25.00
Banana - Robusta,31.00
Potato Onion Tomato 1 kg Each,141.00
Cucumber (Loose),17.00
Banana - Yelakki,113.00
Cauliflower,43.00
Beans - Haricot (Loose),117.00
Tender Coconut,390.40
Ginger (Loose),36.00
Coriander Leaves,27.00
Coconut - Medium,35.00
Tender Coconut,78.08
Lemon (Loose),81.00
Apple - Royal Gala Economy,329.00
Pomegranate,258.00
Beetroot (Loose),16.00
Broccoli,59.00
"Chilli - Green, Organically Grown (Loose)",14.00
Cabbage,33.00
Kiwi - Green,176.00
"Apple - Royal Gala, Regular",255.00
"Palak - Cleaned, without roots",73.00
Mushrooms - Button,80.00
Coccinia (Loose),21.00
Cucumber - English (Loose),19.00
Apple - Shimla,164.00
Bottle Gourd (Loose),47.00
Apple Shimla + Banana Robusta + Orange Nagpur+ Tender Coconut+ Watermelon Small,494.08
Garlic (Loose),84.00
Onion (Loose),120.00
Potato,51.00
Tomato - Hybrid (Loose),16.00
Carrot - Orange (Loose),20.00
Tomato - Local (Loose),14.00
Ladies' Fingers (Loose),14.00
Fresho Pomegranate Regular,298.00
Capsicum - Green (Loose),25.00
Banana - Robusta,31.00
Potato Onion Tomato 1 kg Each,141.00
Cucumber (Loose),17.00
Banana - Yelakki,113.00
Cauliflower,43.00
Beans - Haricot (Loose),117.00
Tender Coconut,390.40
Ginger (Loose),36.00
Coriander Leaves,27.00
Coconut - Medium,35.00
Tender Coconut,78.08
Lemon (Loose),81.00
Apple - Royal Gala Economy,329.00
Pomegranate,258.00
Beetroot (Loose),16.00
Broccoli,59.00
"Chilli - Green, Organically Grown (Loose)",14.00
Cabbage,33.00
Kiwi - Green,176.00
"Apple - Royal Gala, Regular",255.00
"Palak - Cleaned, without roots",73.00
Mushrooms - Button,80.00
Coccinia (Loose),21.00
Cucumber - English (Loose),19.00
Apple - Shimla,164.00
Bottle Gourd (Loose),47.00
Apple Shimla + Banana Robusta + Orange Nagpur+ Tender Coconut+ Watermelon Small,494.08
Garlic (Loose),84.00
Onion (Loose),120.00
Potato,51.00
Tomato - Hybrid (Loose),16.00
Carrot - Orange (Loose),20.00
Tomato - Local (Loose),14.00
Ladies' Fingers (Loose),14.00
Fresho Pomegranate Regular,298.00
Capsicum - Green (Loose),25.00
Banana - Robusta,31.00
Potato Onion Tomato 1 kg Each,141.00
Cucumber (Loose),17.00
Banana - Yelakki,113.00
Cauliflower,43.00
Beans - Haricot (Loose),117.00
Tender Coconut,390.40
Ginger (Loose),36.00
Coriander Leaves,27.00
Coconut - Medium,35.00
Tender Coconut,78.08
Lemon (Loose),81.00
Apple - Royal Gala Economy,329.00
Pomegranate,258.00
Beetroot (Loose),16.00
Broccoli,59.00
"Chilli - Green, Organically Grown (Loose)",14.00
Cabbage,33.00
Kiwi - Green,176.00
"Apple - Royal Gala, Regular",255.00
"Palak - Cleaned, without roots",73.00
Mushrooms - Button,80.00
Coccinia (Loose),21.00
Cucumber - English (Loose),19.00
Apple - Shimla,164.00
Bottle Gourd (Loose),47.00
Apple Shimla + Banana Robusta + Orange Nagpur+ Tender Coconut+ Watermelon Small,494.08
Garlic (Loose),84.00
Onion (Loose),120.00
Potato,51.00
Tomato - Hybrid (Loose),16.00
Carrot - Orange (Loose),20.00
Tomato - Local (Loose),14.00
Ladies' Fingers (Loose),14.00
Fresho Pomegranate Regular,298.00
Capsicum - Green (Loose),25.00
Banana - Robusta,31.00
Potato Onion Tomato 1 kg Each,141.00
Cucumber (Loose),17.00
Banana - Yelakki,113.00
Cauliflower,43.00
Beans - Haricot (Loose),117.00
Tender Coconut,390.40
Ginger (Loose),36.00
Coriander Leaves,27.00
Coconut - Medium,35.00
Tender Coconut,78.08
Lemon (Loose),81.00
Apple - Royal Gala Economy,329.00
Pomegranate,258.00
Beetroot (Loose),16.00
Broccoli,59.00
"Chilli - Green, Organically Grown (Loose)",14.00
Cabbage,33.00
Kiwi - Green,176.00
"Apple - Royal Gala, Regular",255.00
"Palak - Cleaned, without roots",73.00
Mushrooms - Button,80.00
Coccinia (Loose),21.00
Cucumber - English (Loose),19.00
Apple - Shimla,164.00
Bottle Gourd (Loose),47.00
Apple Shimla + Banana Robusta + Orange Nagpur+ Tender Coconut+ Watermelon Small,494.08
Garlic (Loose),84.00
Onion (Loose),120.00
Potato,51.00
Tomato - Hybrid (Loose),16.00
Carrot - Orange (Loose),20.00
Tomato - Local (Loose),14.00
Ladies' Fingers (Loose),14.00
Fresho Pomegranate Regular,298.00
Capsicum - Green (Loose),25.00
Banana - Robusta,31.00
Potato Onion Tomato 1 kg Each,141.00
Cucumber (Loose),17.00
Banana - Yelakki,113.00
Cauliflower,43.00
Beans - Haricot (Loose),117.00
Tender Coconut,390.40
Ginger (Loose),36.00
Coriander Leaves,27.00
Coconut - Medium,35.00
Tender Coconut,78.08
Lemon (Loose),81.00
Apple - Royal Gala Economy,329.00
Pomegranate,258.00
Beetroot (Loose),16.00
Broccoli,59.00
"Chilli - Green, Organically Grown (Loose)",14.00
Cabbage,33.00
Kiwi - Green,176.00
"Apple - Royal Gala, Regular",255.00
"Palak - Cleaned, without roots",73.00
Mushrooms - Button,80.00
Coccinia (Loose),21.00
Cucumber - English (Loose),19.00
Apple - Shimla,164.00
Bottle Gourd (Loose),47.00
Apple Shimla + Banana Robusta + Orange Nagpur+ Tender Coconut+ Watermelon Small,494.08
Garlic (Loose),84.00
Onion (Loose),120.00
Potato,51.00
Tomato - Hybrid (Loose),16.00
Carrot - Orange (Loose),20.00
Tomato - Local (Loose),14.00
Ladies' Fingers (Loose),14.00
Fresho Pomegranate Regular,298.00
Capsicum - Green (Loose),25.00
Banana - Robusta,31.00
Potato Onion Tomato 1 kg Each,141.00
Cucumber (Loose),17.00
Banana - Yelakki,113.00
Cauliflower,43.00
Beans - Haricot (Loose),117.00
Tender Coconut,390.40
Ginger (Loose),36.00
Coriander Leaves,27.00
Coconut - Medium,35.00
Tender Coconut,78.08
Lemon (Loose),81.00
Apple - Royal Gala Economy,329.00
Pomegranate,258.00
Beetroot (Loose),16.00
Broccoli,59.00
"Chilli - Green, Organically Grown (Loose)",14.00
Cabbage,33.00
Kiwi - Green,176.00
"Apple - Royal Gala, Regular",255.00
"Palak - Cleaned, without roots",73.00
Mushrooms - Button,80.00
Coccinia (Loose),21.00
Cucumber - English (Loose),19.00
Apple - Shimla,164.00
Bottle Gourd (Loose),47.00
Apple Shimla + Banana Robusta + Orange Nagpur+ Tender Coconut+ Watermelon Small,494.08
Garlic (Loose),84.00
Onion (Loose),120.00
Potato,51.00
Tomato - Hybrid (Loose),16.00
Carrot - Orange (Loose),20.00
Tomato - Local (Loose),14.00
Ladies' Fingers (Loose),14.00
Fresho Pomegranate Regular,298.00
Capsicum - Green (Loose),25.00
Banana - Robusta,31.00
Potato Onion Tomato 1 kg Each,141.00
Cucumber (Loose),17.00
Banana - Yelakki,113.00
Cauliflower,43.00
Beans - Haricot (Loose),117.00
Tender Coconut,390.40
Ginger (Loose),36.00
Coriander Leaves,27.00
Coconut - Medium,35.00
Tender Coconut,78.08
Lemon (Loose),81.00
Apple - Royal Gala Economy,329.00
Pomegranate,258.00
Beetroot (Loose),16.00
Broccoli,59.00
"Chilli - Green, Organically Grown (Loose)",14.00
Cabbage,33.00
Kiwi - Green,176.00
"Apple - Royal Gala, Regular",255.00
"Palak - Cleaned, without roots",73.00
Mushrooms - Button,80.00
Coccinia (Loose),21.00
Cucumber - English (Loose),19.00
Apple - Shimla,164.00
Bottle Gourd (Loose),47.00
Apple Shimla + Banana Robusta + Orange Nagpur+ Tender Coconut+ Watermelon Small,494.08
Garlic (Loose),84.00
Onion (Loose),120.00
Potato,51.00
Tomato - Hybrid (Loose),16.00
Carrot - Orange (Loose),20.00
Tomato - Local (Loose),14.00
Ladies' Fingers (Loose),14.00
Fresho Pomegranate Regular,298.00
Capsicum - Green (Loose),25.00
Banana - Robusta,31.00
Potato Onion Tomato 1 kg Each,141.00
Cucumber (Loose),17.00
Banana - Yelakki,113.00
Cauliflower,43.00
Beans - Haricot (Loose),117.00
Tender Coconut,390.40
Ginger (Loose),36.00
Coriander Leaves,27.00
Coconut - Medium,35.00
Tender Coconut,78.08
Lemon (Loose),81.00
Apple - Royal Gala Economy,329.00
Pomegranate,258.00
Beetroot (Loose),16.00
Broccoli,59.00
"Chilli - Green, Organically Grown (Loose)",14.00
Cabbage,33.00
Kiwi - Green,176.00
"Apple - Royal Gala, Regular",255.00
"Palak - Cleaned, without roots",73.00
Mushrooms - Button,80.00
Coccinia (Loose),21.00
Cucumber - English (Loose),19.00
Apple - Shimla,164.00
Bottle Gourd (Loose),47.00
Apple Shimla + Banana Robusta + Orange Nagpur+ Tender Coconut+ Watermelon Small,494.08
Garlic (Loose),84.00
Onion (Loose),120.00
Potato,51.00
Tomato - Hybrid (Loose),16.00
Carrot - Orange (Loose),20.00
Tomato - Local (Loose),14.00
Ladies' Fingers (Loose),14.00
Fresho Pomegranate Regular,298.00
Capsicum - Green (Loose),25.00
Banana - Robusta,31.00
Potato Onion Tomato 1 kg Each,141.00
Cucumber (Loose),17.00
Banana - Yelakki,113.00
Cauliflower,43.00
Beans - Haricot (Loose),117.00
Tender Coconut,390.40
Ginger (Loose),36.00
Coriander Leaves,27.00
Coconut - Medium,35.00
Tender Coconut,78.08
Lemon (Loose),81.00
Apple - Royal Gala Economy,329.00
Pomegranate,258.00
Beetroot (Loose),16.00
Broccoli,59.00
"Chilli - Green, Organically Grown (Loose)",14.00
Cabbage,33.00
Kiwi - Green,176.00
"Apple - Royal Gala, Regular",255.00
"Palak - Cleaned, without roots",73.00
Mushrooms - Button,80.00
Coccinia (Loose),21.00
Cucumber - English (Loose),19.00
Apple - Shimla,164.00
Bottle Gourd (Loose),47.00
Apple Shimla + Banana Robusta + Orange Nagpur+ Tender Coconut+ Watermelon Small,494.08
Garlic (Loose),84.00
Onion (Loose),120.00
Potato,51.00
Tomato - Hybrid (Loose),16.00
Carrot - Orange (Loose),20.00
Tomato - Local (Loose),14.00
Ladies' Fingers (Loose),14.00
Fresho Pomegranate Regular,298.00
Capsicum - Green (Loose),25.00
Banana - Robusta,31.00
Potato Onion Tomato 1 kg Each,141.00
Cucumber (Loose),17.00
Banana - Yelakki,113.00
Cauliflower,43.00
Beans - Haricot (Loose),117.00
Tender Coconut,390.40
Ginger (Loose),36.00
Coriander Leaves,27.00
Coconut - Medium,35.00
Tender Coconut,78.08
Lemon (Loose),81.00
Apple - Royal Gala Economy,329.00
Pomegranate,258.00
Beetroot (Loose),16.00
Broccoli,59.00
"Chilli - Green, Organically Grown (Loose)",14.00
Cabbage,33.00
Kiwi - Green,176.00
"Apple - Royal Gala, Regular",255.00
"Palak - Cleaned, without roots",73.00
Mushrooms - Button,80.00
Coccinia (Loose),21.00
Cucumber - English (Loose),19.00
Apple - Shimla,164.00
Bottle Gourd (Loose),47.00
Apple Shimla + Banana Robusta + Orange Nagpur+ Tender Coconut+ Watermelon Small,494.08
Garlic (Loose),84.00
Onion (Loose),120.00
Potato,51.00
Tomato - Hybrid (Loose),16.00
Carrot - Orange (Loose),20.00
Tomato - Local (Loose),14.00
Ladies' Fingers (Loose),14.00
Fresho Pomegranate Regular,298.00
Capsicum - Green (Loose),25.00
Banana - Robusta,31.00
Potato Onion Tomato 1 kg Each,141.00
Cucumber (Loose),17.00
Banana - Yelakki,113.00
Cauliflower,43.00
Beans - Haricot (Loose),117.00
Tender Coconut,390.40
Ginger (Loose),36.00
Coriander Leaves,27.00
Coconut - Medium,35.00
Tender Coconut,78.08
Lemon (Loose),81.00
Apple - Royal Gala Economy,329.00
Pomegranate,258.00
Beetroot (Loose),16.00
Broccoli,59.00
"Chilli - Green, Organically Grown (Loose)",14.00
Cabbage,33.00
Kiwi - Green,176.00
"Apple - Royal Gala, Regular",255.00
"Palak - Cleaned, without roots",73.00
Mushrooms - Button,80.00
Coccinia (Loose),21.00
Cucumber - English (Loose),19.00
Apple - Shimla,164.00
Bottle Gourd (Loose),47.00
Apple Shimla + Banana Robusta + Orange Nagpur+ Tender Coconut+ Watermelon Small,494.08
Garlic (Loose),84.00
Onion (Loose),120.00
Potato,51.00
Tomato - Hybrid (Loose),16.00
Carrot - Orange (Loose),20.00
Tomato - Local (Loose),14.00
Ladies' Fingers (Loose),14.00
Fresho Pomegranate Regular,298.00
Capsicum - Green (Loose),25.00
Banana - Robusta,31.00
Potato Onion Tomato 1 kg Each,141.00
Cucumber (Loose),17.00
Banana - Yelakki,113.00
Cauliflower,43.00
Beans - Haricot (Loose),117.00
Tender Coconut,390.40
Ginger (Loose),36.00
Coriander Leaves,27.00
Coconut - Medium,35.00
Tender Coconut,78.08
Lemon (Loose),81.00
Apple - Royal Gala Economy,329.00
Pomegranate,258.00
Beetroot (Loose),16.00
Broccoli,59.00
"Chilli - Green, Organically Grown (Loose)",14.00
Cabbage,33.00
Kiwi - Green,176.00
"Apple - Royal Gala, Regular",255.00
"Palak - Cleaned, without roots",73.00
Mushrooms - Button,80.00
Coccinia (Loose),21.00
Cucumber - English (Loose),19.00
Apple - Shimla,164.00
Bottle Gourd (Loose),47.00
Apple Shimla + Banana Robusta + Orange Nagpur+ Tender Coconut+ Watermelon Small,494.08
Garlic (Loose),84.00
Onion (Loose),120.00
Potato,51.00
Tomato - Hybrid (Loose),16.00
Carrot - Orange (Loose),20.00
Tomato - Local (Loose),14.00
Ladies' Fingers (Loose),14.00
Fresho Pomegranate Regular,298.00
Capsicum - Green (Loose),25.00
Banana - Robusta,31.00
Potato Onion Tomato 1 kg Each,141.00
Cucumber (Loose),17.00
Banana - Yelakki,113.00
Cauliflower,43.00
Beans - Haricot (Loose),117.00
Tender Coconut,390.40
Ginger (Loose),36.00
Coriander Leaves,27.00
Coconut - Medium,35.00
Tender Coconut,78.08
Lemon (Loose),81.00
Apple - Royal Gala Economy,329.00
Pomegranate,258.00
Beetroot (Loose),16.00
Broccoli,59.00
"Chilli - Green, Organically Grown (Loose)",14.00
Cabbage,33.00
Kiwi - Green,176.00
"Apple - Royal Gala, Regular",255.00
"Palak - Cleaned, without roots",73.00
Mushrooms - Button,80.00
Coccinia (Loose),21.00
Cucumber - English (Loose),19.00
Apple - Shimla,164.00
Bottle Gourd (Loose),47.00
Apple Shimla + Banana Robusta + Orange Nagpur+ Tender Coconut+ Watermelon Small,494.08
Garlic (Loose),84.00
Onion (Loose),120.00
Potato,51.00
Tomato - Hybrid (Loose),16.00
Carrot - Orange (Loose),20.00
Tomato - Local (Loose),14.00
Ladies' Fingers (Loose),14.00
Fresho Pomegranate Regular,298.00
Capsicum - Green (Loose),25.00
Banana - Robusta,31.00
Potato Onion Tomato 1 kg Each,141.00
Cucumber (Loose),17.00
Banana - Yelakki,113.00
Cauliflower,43.00
Beans - Haricot (Loose),117.00
Tender Coconut,390.40
Ginger (Loose),36.00
Coriander Leaves,27.00
Coconut - Medium,35.00
Tender Coconut,78.08
Lemon (Loose),81.00
Apple - Royal Gala Economy,329.00
Pomegranate,258.00
Beetroot (Loose),16.00
Broccoli,59.00
"Chilli - Green, Organically Grown (Loose)",14.00
Cabbage,33.00
Kiwi - Green,176.00
"Apple - Royal Gala, Regular",255.00
"Palak - Cleaned, without roots",73.00
Mushrooms - Button,80.00
Coccinia (Loose),21.00
Cucumber - English (Loose),19.00
Apple - Shimla,164.00
Bottle Gourd (Loose),47.00
Apple Shimla + Banana Robusta + Orange Nagpur+ Tender Coconut+ Watermelon Small,494.08
Garlic (Loose),84.00
Onion (Loose),120.00
Potato,51.00
Tomato - Hybrid (Loose),16.00
Carrot - Orange (Loose),20.00
Tomato - Local (Loose),14.00
Ladies' Fingers (Loose),14.00
Fresho Pomegranate Regular,298.00
Capsicum - Green (Loose),25.00
Banana - Robusta,31.00
Potato Onion Tomato 1 kg Each,141.00
Cucumber (Loose),17.00
Banana - Yelakki,113.00
Cauliflower,43.00
Beans - Haricot (Loose),117.00
Tender Coconut,390.40
Ginger (Loose),36.00
Coriander Leaves,27.00
Coconut - Medium,35.00
Tender Coconut,78.08
Lemon (Loose),81.00
Apple - Royal Gala Economy,329.00
Pomegranate,258.00
Beetroot (Loose),16.00
Broccoli,59.00
"Chilli - Green, Organically Grown (Loose)",14.00
Cabbage,33.00
Kiwi - Green,176.00
"Apple - Royal Gala, Regular",255.00
"Palak - Cleaned, without roots",73.00
Mushrooms - Button,80.00
Coccinia (Loose),21.00
Cucumber - English (Loose),19.00
Apple - Shimla,164.00
Bottle Gourd (Loose),47.00
Apple Shimla + Banana Robusta + Orange Nagpur+ Tender Coconut+ Watermelon Small,494.08
Garlic (Loose),84.00
Onion (Loose),120.00
Potato,51.00
Tomato - Hybrid (Loose),16.00
Carrot - Orange (Loose),20.00
Tomato - Local (Loose),14.00
Ladies' Fingers (Loose),14.00
Fresho Pomegranate Regular,298.00
Capsicum - Green (Loose),25.00
Banana - Robusta,31.00
Potato Onion Tomato 1 kg Each,141.00
Cucumber (Loose),17.00
Banana - Yelakki,113.00
Cauliflower,43.00
Beans - Haricot (Loose),117.00
Tender Coconut,390.40
Ginger (Loose),36.00
Coriander Leaves,27.00
Coconut - Medium,35.00
Tender Coconut,78.08
Lemon (Loose),81.00
Apple - Royal Gala Economy,329.00
Pomegranate,258.00
Beetroot (Loose),16.00
Broccoli,59.00
"Chilli - Green, Organically Grown (Loose)",14.00
Cabbage,33.00
Kiwi - Green,176.00
"Apple - Royal Gala, Regular",255.00
"Palak - Cleaned, without roots",73.00
Mushrooms - Button,80.00
Coccinia (Loose),21.00
Cucumber - English (Loose),19.00
Apple - Shimla,164.00
Bottle Gourd (Loose),47.00
Apple Shimla + Banana Robusta + Orange Nagpur+ Tender Coconut+ Watermelon Small,494.08
Garlic (Loose),84.00
Onion (Loose),120.00
Potato,51.00
Tomato - Hybrid (Loose),16.00
Carrot - Orange (Loose),20.00
Tomato - Local (Loose),14.00
Ladies' Fingers (Loose),14.00
Fresho Pomegranate Regular,298.00
Capsicum - Green (Loose),25.00
Banana - Robusta,31.00
Potato Onion Tomato 1 kg Each,141.00
Cucumber (Loose),17.00
Banana - Yelakki,113.00
Cauliflower,43.00
Beans - Haricot (Loose),117.00
Tender Coconut,390.40
Ginger (Loose),36.00
Coriander Leaves,27.00
Coconut - Medium,35.00
Tender Coconut,78.08
Lemon (Loose),81.00
Apple - Royal Gala Economy,329.00
Pomegranate,258.00
Beetroot (Loose),16.00
Broccoli,59.00
"Chilli - Green, Organically Grown (Loose)",14.00
Cabbage,33.00
Kiwi - Green,176.00
"Apple - Royal Gala, Regular",255.00
"Palak - Cleaned, without roots",73.00
Mushrooms - Button,80.00
Coccinia (Loose),21.00
Cucumber - English (Loose),19.00
Apple - Shimla,164.00
Bottle Gourd (Loose),47.00
Apple Shimla + Banana Robusta + Orange Nagpur+ Tender Coconut+ Watermelon Small,494.08
Garlic (Loose),84.00
Onion (Loose),120.00
Potato,51.00
Tomato - Hybrid (Loose),16.00
Carrot - Orange (Loose),20.00
Tomato - Local (Loose),14.00
Ladies' Fingers (Loose),14.00
Fresho Pomegranate Regular,298.00
Capsicum - Green (Loose),25.00
Banana - Robusta,31.00
Potato Onion Tomato 1 kg Each,141.00
Cucumber (Loose),17.00
Banana - Yelakki,113.00
Cauliflower,43.00
Beans - Haricot (Loose),117.00
Tender Coconut,390.40
Ginger (Loose),36.00
Coriander Leaves,27.00
Coconut - Medium,35.00
Tender Coconut,78.08
Lemon (Loose),81.00
Apple - Royal Gala Economy,329.00
Pomegranate,258.00
Beetroot (Loose),16.00
Broccoli,59.00
"Chilli - Green, Organically Grown (Loose)",14.00
Cabbage,33.00
Kiwi - Green,176.00
"Apple - Royal Gala, Regular",255.00
"Palak - Cleaned, without roots",73.00
Mushrooms - Button,80.00
Coccinia (Loose),21.00
Cucumber - English (Loose),19.00
Apple - Shimla,164.00
Bottle Gourd (Loose),47.00
Apple Shimla + Banana Robusta + Orange Nagpur+ Tender Coconut+ Watermelon Small,494.08
Garlic (Loose),84.00
Onion (Loose),120.00
Potato,51.00
Tomato - Hybrid (Loose),16.00
Carrot - Orange (Loose),20.00
Tomato - Local (Loose),14.00
Ladies' Fingers (Loose),14.00
Fresho Pomegranate Regular,298.00
Capsicum - Green (Loose),25.00
Banana - Robusta,31.00
Potato Onion Tomato 1 kg Each,141.00
Cucumber (Loose),17.00
Banana - Yelakki,113.00
Cauliflower,43.00
Beans - Haricot (Loose),117.00
Tender Coconut,390.40
Ginger (Loose),36.00
Coriander Leaves,27.00
Coconut - Medium,35.00
Tender Coconut,78.08
Lemon (Loose),81.00
Apple - Royal Gala Economy,329.00
Pomegranate,258.00
Beetroot (Loose),16.00
Broccoli,59.00
"Chilli - Green, Organically Grown (Loose)",14.00
Cabbage,33.00
Kiwi - Green,176.00
"Apple - Royal Gala, Regular",255.00
"Palak - Cleaned, without roots",73.00
Mushrooms - Button,80.00
Coccinia (Loose),21.00
Cucumber - English (Loose),19.00
Apple - Shimla,164.00
Bottle Gourd (Loose),47.00
Apple Shimla + Banana Robusta + Orange Nagpur+ Tender Coconut+ Watermelon Small,494.08
Garlic (Loose),84.00
Onion (Loose),120.00
Potato,51.00
Tomato - Hybrid (Loose),16.00
Carrot - Orange (Loose),20.00
Tomato - Local (Loose),14.00
Ladies' Fingers (Loose),14.00
Fresho Pomegranate Regular,298.00
Capsicum - Green (Loose),25.00
Banana - Robusta,31.00
Potato Onion Tomato 1 kg Each,141.00
Cucumber (Loose),17.00
Banana - Yelakki,113.00
Cauliflower,43.00
Beans - Haricot (Loose),117.00
Tender Coconut,390.40
Ginger (Loose),36.00
Coriander Leaves,27.00
Coconut - Medium,35.00
Tender Coconut,78.08
Lemon (Loose),81.00
Apple - Royal Gala Economy,329.00
Pomegranate,258.00
Beetroot (Loose),16.00
Broccoli,59.00
"Chilli - Green, Organically Grown (Loose)",14.00
Cabbage,33.00
Kiwi - Green,176.00
"Apple - Royal Gala, Regular",255.00
"Palak - Cleaned, without roots",73.00
Mushrooms - Button,80.00
Coccinia (Loose),21.00
Cucumber - English (Loose),19.00
Apple - Shimla,164.00
Bottle Gourd (Loose),47.00
Apple Shimla + Banana Robusta + Orange Nagpur+ Tender Coconut+ Watermelon Small,494.08
Garlic (Loose),84.00
Onion (Loose),120.00
Potato,51.00
Tomato - Hybrid (Loose),16.00
Carrot - Orange (Loose),20.00
Tomato - Local (Loose),14.00
Ladies' Fingers (Loose),14.00
Fresho Pomegranate Regular,298.00
Capsicum - Green (Loose),25.00
Banana - Robusta,31.00
Potato Onion Tomato 1 kg Each,141.00
Cucumber (Loose),17.00
Banana - Yelakki,113.00
Cauliflower,43.00
Beans - Haricot (Loose),117.00
Tender Coconut,390.40
Ginger (Loose),36.00
Coriander Leaves,27.00
Coconut - Medium,35.00
Tender Coconut,78.08
Lemon (Loose),81.00
Apple - Royal Gala Economy,329.00
Pomegranate,258.00
Beetroot (Loose),16.00
Broccoli,59.00
"Chilli - Green, Organically Grown (Loose)",14.00
Cabbage,33.00
Kiwi - Green,176.00
"Apple - Royal Gala, Regular",255.00
"Palak - Cleaned, without roots",73.00
Mushrooms - Button,80.00
Coccinia (Loose),21.00
Cucumber - English (Loose),19.00
Apple - Shimla,164.00
Bottle Gourd (Loose),47.00
Apple Shimla + Banana Robusta + Orange Nagpur+ Tender Coconut+ Watermelon Small,494.08
Garlic (Loose),84.00
Onion (Loose),120.00
Potato,51.00
Tomato - Hybrid (Loose),16.00
Carrot - Orange (Loose),20.00
Tomato - Local (Loose),14.00
Ladies' Fingers (Loose),14.00
Fresho Pomegranate Regular,298.00
Capsicum - Green (Loose),25.00
Banana - Robusta,31.00
Potato Onion Tomato 1 kg Each,141.00
Cucumber (Loose),17.00
Banana - Yelakki,113.00
Cauliflower,43.00
Beans - Haricot (Loose),117.00
Tender Coconut,390.40
Ginger (Loose),36.00
Coriander Leaves,27.00
Coconut - Medium,35.00
Tender Coconut,78.08
Lemon (Loose),81.00
Apple - Royal Gala Economy,329.00
Pomegranate,258.00
Beetroot (Loose),16.00
Broccoli,59.00
"Chilli - Green, Organically Grown (Loose)",14.00
Cabbage,33.00
Kiwi - Green,176.00
"Apple - Royal Gala, Regular",255.00
"Palak - Cleaned, without roots",73.00
Mushrooms - Button,80.00
Coccinia (Loose),21.00
Cucumber - English (Loose),19.00
Apple - Shimla,164.00
Bottle Gourd (Loose),47.00
Apple Shimla + Banana Robusta + Orange Nagpur+ Tender Coconut+ Watermelon Small,494.08
Garlic (Loose),84.00
Onion (Loose),120.00
Potato,51.00
Tomato - Hybrid (Loose),16.00
Carrot - Orange (Loose),20.00
Tomato - Local (Loose),14.00
Ladies' Fingers (Loose),14.00
Fresho Pomegranate Regular,298.00
Capsicum - Green (Loose),25.00
Banana - Robusta,31.00
Potato Onion Tomato 1 kg Each,141.00
Cucumber (Loose),17.00
Banana - Yelakki,113.00
Cauliflower,43.00
Beans - Haricot (Loose),117.00
Tender Coconut,390.40
Ginger (Loose),36.00
Coriander Leaves,27.00
Coconut - Medium,35.00
Tender Coconut,78.08
Lemon (Loose),81.00
Apple - Royal Gala Economy,329.00
Pomegranate,258.00
Beetroot (Loose),16.00
Broccoli,59.00
"Chilli - Green, Organically Grown (Loose)",14.00
Cabbage,33.00
Kiwi - Green,176.00
"Apple - Royal Gala, Regular",255.00
"Palak - Cleaned, without roots",73.00
Mushrooms - Button,80.00
Coccinia (Loose),21.00
Cucumber - English (Loose),19.00
Apple - Shimla,164.00
Bottle Gourd (Loose),47.00
Apple Shimla + Banana Robusta + Orange Nagpur+ Tender Coconut+ Watermelon Small,494.08
Garlic (Loose),84.00
Onion (Loose),120.00
Potato,51.00
Tomato - Hybrid (Loose),16.00
Carrot - Orange (Loose),20.00
Tomato - Local (Loose),14.00
Ladies' Fingers (Loose),14.00
Fresho Pomegranate Regular,298.00
Capsicum - Green (Loose),25.00
Banana - Robusta,31.00
Potato Onion Tomato 1 kg Each,141.00
Cucumber (Loose),17.00
Banana - Yelakki,113.00
Cauliflower,43.00
Beans - Haricot (Loose),117.00
Tender Coconut,390.40
Ginger (Loose),36.00
Coriander Leaves,27.00
Coconut - Medium,35.00
Tender Coconut,78.08
Lemon (Loose),81.00
Apple - Royal Gala Economy,329.00
Pomegranate,258.00
Beetroot (Loose),16.00
Broccoli,59.00
"Chilli - Green, Organically Grown (Loose)",14.00
Cabbage,33.00
Kiwi - Green,176.00
"Apple - Royal Gala, Regular",255.00
"Palak - Cleaned, without roots",73.00
Mushrooms - Button,80.00
Coccinia (Loose),21.00
Cucumber - English (Loose),19.00
Apple - Shimla,164.00
Bottle Gourd (Loose),47.00
Apple Shimla + Banana Robusta + Orange Nagpur+ Tender Coconut+ Watermelon Small,494.08
Garlic (Loose),84.00
Onion (Loose),120.00
Potato,51.00
Tomato - Hybrid (Loose),16.00
Carrot - Orange (Loose),20.00
Tomato - Local (Loose),14.00
Ladies' Fingers (Loose),14.00
Fresho Pomegranate Regular,298.00
Capsicum - Green (Loose),25.00
Banana - Robusta,31.00
Potato Onion Tomato 1 kg Each,141.00
Cucumber (Loose),17.00
Banana - Yelakki,113.00
Cauliflower,43.00
Beans - Haricot (Loose),117.00
Tender Coconut,390.40
Ginger (Loose),36.00
Coriander Leaves,27.00
Coconut - Medium,35.00
Tender Coconut,78.08
Lemon (Loose),81.00
Apple - Royal Gala Economy,329.00
Pomegranate,258.00
Beetroot (Loose),16.00
Broccoli,59.00
"Chilli - Green, Organically Grown (Loose)",14.00
Cabbage,33.00
Kiwi - Green,176.00
"Apple - Royal Gala, Regular",255.00
"Palak - Cleaned, without roots",73.00
Mushrooms - Button,80.00
Coccinia (Loose),21.00
Cucumber - English (Loose),19.00
Apple - Shimla,164.00
Bottle Gourd (Loose),47.00
Apple Shimla + Banana Robusta + Orange Nagpur+ Tender Coconut+ Watermelon Small,494.08
Garlic (Loose),84.00
Onion (Loose),120.00
Potato,51.00
Tomato - Hybrid (Loose),16.00
Carrot - Orange (Loose),20.00
Tomato - Local (Loose),14.00
Ladies' Fingers (Loose),14.00
Fresho Pomegranate Regular,298.00
Capsicum - Green (Loose),25.00
Banana - Robusta,31.00
Potato Onion Tomato 1 kg Each,141.00
Cucumber (Loose),17.00
Banana - Yelakki,113.00
Cauliflower,43.00
Beans - Haricot (Loose),117.00
Tender Coconut,390.40
Ginger (Loose),36.00
Coriander Leaves,27.00
Coconut - Medium,35.00
Tender Coconut,78.08
Lemon (Loose),81.00
Apple - Royal Gala Economy,329.00
Pomegranate,258.00
Beetroot (Loose),16.00
Broccoli,59.00
"Chilli - Green, Organically Grown (Loose)",14.00
Cabbage,33.00
Kiwi - Green,176.00
"Apple - Royal Gala, Regular",255.00
"Palak - Cleaned, without roots",73.00
Mushrooms - Button,80.00
Coccinia (Loose),21.00
Cucumber - English (Loose),19.00
Apple - Shimla,164.00
Bottle Gourd (Loose),47.00
Apple Shimla + Banana Robusta + Orange Nagpur+ Tender Coconut+ Watermelon Small,494.08
Garlic (Loose),84.00
Onion (Loose),120.00
Potato,51.00
Tomato - Hybrid (Loose),16.00
Carrot - Orange (Loose),20.00
Tomato - Local (Loose),14.00
Ladies' Fingers (Loose),14.00
Fresho Pomegranate Regular,298.00
Capsicum - Green (Loose),25.00
Banana - Robusta,31.00
Potato Onion Tomato 1 kg Each,141.00
Cucumber (Loose),17.00
Banana - Yelakki,113.00
Cauliflower,43.00
Beans - Haricot (Loose),117.00
Tender Coconut,390.40
Ginger (Loose),36.00
Coriander Leaves,27.00
Coconut - Medium,35.00
Tender Coconut,78.08
Lemon (Loose),81.00
Apple - Royal Gala Economy,329.00
Pomegranate,258.00
Beetroot (Loose),16.00
Broccoli,59.00
"Chilli - Green, Organically Grown (Loose)",14.00
Cabbage,33.00
Kiwi - Green,176.00
"Apple - Royal Gala, Regular",255.00
"Palak - Cleaned, without roots",73.00
Mushrooms - Button,80.00
Coccinia (Loose),21.00
Cucumber - English (Loose),19.00
Apple - Shimla,164.00
Bottle Gourd (Loose),47.00
Apple Shimla + Banana Robusta + Orange Nagpur+ Tender Coconut+ Watermelon Small,494.08
Garlic (Loose),84.00
Onion (Loose),120.00
Potato,51.00
Tomato - Hybrid (Loose),16.00
Carrot - Orange (Loose),20.00
Tomato - Local (Loose),14.00
Ladies' Fingers (Loose),14.00
Fresho Pomegranate Regular,298.00
Capsicum - Green (Loose),25.00
Banana - Robusta,31.00
Potato Onion Tomato 1 kg Each,141.00
Cucumber (Loose),17.00
Banana - Yelakki,113.00
Cauliflower,43.00
Beans - Haricot (Loose),117.00
Tender Coconut,390.40
Ginger (Loose),36.00
Coriander Leaves,27.00
Coconut - Medium,35.00
Tender Coconut,78.08
Lemon (Loose),81.00
Apple - Royal Gala Economy,329.00
Pomegranate,258.00
Beetroot (Loose),16.00
Broccoli,59.00
"Chilli - Green, Organically Grown (Loose)",14.00
Cabbage,33.00
Kiwi - Green,176.00
"Apple - Royal Gala, Regular",255.00
"Palak - Cleaned, without roots",73.00
Mushrooms - Button,80.00
Coccinia (Loose),21.00
Cucumber - English (Loose),19.00
Apple - Shimla,164.00
Bottle Gourd (Loose),47.00
Apple Shimla + Banana Robusta + Orange Nagpur+ Tender Coconut+ Watermelon Small,494.08
Garlic (Loose),84.00
Onion (Loose),120.00
Potato,51.00
Tomato - Hybrid (Loose),16.00
Carrot - Orange (Loose),20.00
Tomato - Local (Loose),14.00
Ladies' Fingers (Loose),14.00
Fresho Pomegranate Regular,298.00
Capsicum - Green (Loose),25.00
Banana - Robusta,31.00
Potato Onion Tomato 1 kg Each,141.00
Cucumber (Loose),17.00
Banana - Yelakki,113.00
Cauliflower,43.00
Beans - Haricot (Loose),117.00
Tender Coconut,390.40
Ginger (Loose),36.00
Coriander Leaves,27.00
Coconut - Medium,35.00
Tender Coconut,78.08
Lemon (Loose),81.00
Apple - Royal Gala Economy,329.00
Pomegranate,258.00
Beetroot (Loose),16.00
Broccoli,59.00
"Chilli - Green, Organically Grown (Loose)",14.00
Cabbage,33.00
Kiwi - Green,176.00
"Apple - Royal Gala, Regular",255.00
"Palak - Cleaned, without roots",73.00
Mushrooms - Button,80.00
Coccinia (Loose),21.00
Cucumber - English (Loose),19.00
Apple - Shimla,164.00
Bottle Gourd (Loose),47.00
Apple Shimla + Banana Robusta + Orange Nagpur+ Tender Coconut+ Watermelon Small,494.08
Garlic (Loose),84.00
Onion (Loose),120.00
Potato,51.00
Tomato - Hybrid (Loose),16.00
Carrot - Orange (Loose),20.00
Tomato - Local (Loose),14.00
Ladies' Fingers (Loose),14.00
Fresho Pomegranate Regular,298.00
Capsicum - Green (Loose),25.00
Banana - Robusta,31.00
Potato Onion Tomato 1 kg Each,141.00
Cucumber (Loose),17.00
Banana - Yelakki,113.00
Cauliflower,43.00
Beans - Haricot (Loose),117.00
Tender Coconut,390.40
Ginger (Loose),36.00
Coriander Leaves,27.00
Coconut - Medium,35.00
Tender Coconut,78.08
Lemon (Loose),81.00
Apple - Royal Gala Economy,329.00
Pomegranate,258.00
Beetroot (Loose),16.00
Broccoli,59.00
"Chilli - Green, Organically Grown (Loose)",14.00
Cabbage,33.00
Kiwi - Green,176.00
"Apple - Royal Gala, Regular",255.00
"Palak - Cleaned, without roots",73.00
Mushrooms - Button,80.00
Coccinia (Loose),21.00
Cucumber - English (Loose),19.00
Apple - Shimla,164.00
Bottle Gourd (Loose),47.00
Apple Shimla + Banana Robusta + Orange Nagpur+ Tender Coconut+ Watermelon Small,494.08
Garlic (Loose),84.00
